"Symbol","Name","Sector","Industry","PE_Ratio","PEG_Ratio","Price_to_Book","Price_to_Sales","EV_to_EBITDA","EV_to_Revenue","Profit_Margin","Operating_Margin","Return_on_Assets","Return_on_Equity","Revenue_Growth_YOY","EPS_Growth_YOY","Current_Ratio","Debt_to_Equity","Interest_Coverage","Dividend_Yield","Dividend_Per_Share","Dividend_Payout_Ratio","Beta","Fifty_Two_Week_High","Fifty_Two_Week_Low","Market_Cap","EBITDA","Revenue_TTM"
"AAPL","Apple Inc","TECHNOLOGY","ELECTRONIC COMPUTERS",33.34,2.01,48.83,7.96,24.04,8.34,0.243,0.345,0.225,1.365,0.04,0.101,NA,NA,NA,0.0046,0.99,NA,1.178,259.81,163.31,3.14983e+12,1.37352e+11,3.9576e+11
"MSFT","Microsoft Corporation","TECHNOLOGY","SERVICES-PREPACKAGED SOFTWARE",30.5,1.747,9.41,10.76,19.87,10.85,0.354,0.455,0.146,0.343,0.123,0.102,NA,NA,NA,0.0087,3.16,NA,0.914,465.64,376.91,2.81577e+12,1.42041e+11,2.61802e+11
"GOOGL","Alphabet Inc Class A","TECHNOLOGY","SERVICES-COMPUTER PROGRAMMING, DATA PROCESSING, ETC.",20.24,1.209,6.27,5.7,14.6,5.65,0.286,0.34,0.167,0.329,0.118,0.309,NA,NA,NA,0.0048,0.8,NA,1.025,206.81,145.38,1.99417e+12,1.29497e+11,3.50018e+11
"AMZN","Amazon.com Inc","TRADE & SERVICES","RETAIL-CATALOG & MAIL-ORDER HOUSES",35.06,1.677,7.37,3.221,17.26,3.35,0.0929,0.113,0.0744,0.243,0.105,0.846,NA,NA,NA,NA,NA,NA,1.192,242.52,151.61,2.05479e+12,1.20468e+11,6.37959e+11
"META","Meta Platforms Inc.","TECHNOLOGY","SERVICES-COMPUTER PROGRAMMING, DATA PROCESSING, ETC.",24.76,1.185,8.19,9.1,16.89,8.92,0.379,0.453,0.169,0.371,0.206,0.514,NA,NA,NA,0.0034,2,NA,1.231,740.25,412.99,1.49648e+12,83716997000,1.64501e+11
"MMM","3M Company","LIFE SCIENCES","SURGICAL & MEDICAL INSTRUMENTS & APPARATUS",20.72,2.716,21.25,3.323,11.88,3.564,0.17,0.177,0.0593,0.918,0.001,-0.217,NA,NA,NA,0.02,3.61,NA,1.017,156.35,83.71,81657586000,5.47e+09,24575001000
"AOS","Smith AO Corporation","MANUFACTURING","HOUSEHOLD APPLIANCES",18.42,1.673,5.09,2.513,12.12,2.498,0.14,0.152,0.135,0.286,-0.077,-0.181,NA,NA,NA,0.0208,1.3,NA,1.177,91.22,64.55,9594913000,777500000,3818100000
"ABT","Abbott Laboratories","LIFE SCIENCES","PHARMACEUTICAL PREPARATIONS",16.59,2.278,4.611,5.24,21.02,5.41,0.32,0.186,0.0606,0.309,0.072,4.794,NA,NA,NA,0.0182,2.24,NA,0.693,141.23,98.72,2.19756e+11,1.0714e+10,41949999000
"ABBV","AbbVie Inc","LIFE SCIENCES","PHARMACEUTICAL PREPARATIONS",88.61,0.443,112.32,6.64,29.18,7.72,0.0759,0.333,0.0826,0.623,0.056,-0.123,NA,NA,NA,0.031,6.29,NA,0.598,218.66,149.56,3.73848e+11,2.6208e+10,5.6334e+10
"ACN","Accenture plc","TRADE & SERVICES","SERVICES-BUSINESS SERVICES, NEC",26.75,2.444,6.79,3.005,17.12,2.986,0.114,0.167,0.115,0.268,0.09,0.16,NA,NA,NA,0.0187,5.54,NA,1.239,398.35,275.18,1.99416e+11,11358275000,66361704000
"ADBE","Adobe Systems Incorporated","TECHNOLOGY","SERVICES-PREPACKAGED SOFTWARE",26.06,1.289,13.11,7.79,18.54,7.75,0.306,0.379,0.172,0.473,0.103,2.044,NA,NA,NA,NA,NA,NA,1.37,587.75,374.5,1.71671e+11,8.665e+09,2.2037e+10
"AMD","Advanced Micro Devices Inc","MANUFACTURING","SEMICONDUCTORS & RELATED DEVICES",100.97,0.405,2.842,6.35,30.56,6.23,0.0636,0.138,0.019,0.0289,0.242,-0.297,NA,NA,NA,NA,NA,NA,1.736,193.5,94.73,1.6362e+11,5.15e+09,2.5785e+10
"AES","The AES Corporation","ENERGY & TRANSPORTATION","COGENERATION SERVICES & SMALL POWER PRODUCERS",5.19,1.092,2.405,0.714,9.93,2.947,0.137,0.11,0.0273,0.101,-0.002,1.206,NA,NA,NA,0.0568,0.693,NA,0.931,21.42,9.88,8763502000,3.28e+09,1.2278e+10
"AFL","Aflac Incorporated","FINANCE","ACCIDENT & HEALTH INSURANCE",11.14,0.93,2.201,3.097,NA,3.176,0.288,0.404,0.0338,0.226,0.43,6.54,NA,NA,NA,0.0221,2,NA,0.926,114.79,77.69,58621567000,6.654e+09,1.8927e+10
"A","Agilent Technologies Inc","LIFE SCIENCES","INSTRUMENTS FOR MEAS & TESTING OF ELECTRICITY & ELEC SIGNALS",27.79,1.974,5.73,5.29,19.66,5.58,0.193,0.232,0.0839,0.206,0.014,-0.059,NA,NA,NA,0.0085,0.956,NA,1.111,154.53,117.17,34548781000,1.802e+09,6.533e+09
"APD","Air Products and Chemicals Inc","LIFE SCIENCES","INDUSTRIAL INORGANIC CHEMICALS",16.89,8.77,3.903,5.4,11.99,6.51,0.319,0.225,0.0482,0.224,-0.022,0.015,NA,NA,NA,0.0244,7.08,NA,0.869,341.14,223.26,64945197000,4330200000,12034700000
"ABNB","Airbnb Inc","TRADE & SERVICES","SERVICES-TO DWELLINGS & OTHER BUILDINGS",29.82,1.778,8.82,6.88,25.16,5.93,0.238,0.173,0.0767,0.32,0.118,-0.678,NA,NA,NA,NA,NA,NA,1.108,170.1,110.38,76337840000,2.584e+09,1.1102e+10
"AKAM","Akamai Technologies Inc","TRADE & SERVICES","SERVICES-BUSINESS SERVICES, NEC",24.69,1.099,2.487,3.041,12.02,3.802,0.127,0.157,0.0392,0.107,0.025,-0.105,NA,NA,NA,NA,NA,NA,0.676,110.18,75.5,12135173000,1116018000,3991168000
"ALB","Albemarle Corp","LIFE SCIENCES","PLASTIC MATERIALS, SYNTH RESINS & NONVULCAN ELASTOMERS",NA,0.99,1.145,1.645,22.45,2.511,-0.219,0.0177,-0.0214,-0.114,-0.477,-0.662,NA,NA,NA,0.0224,1.61,NA,1.704,135.07,66.85,8845017000,-9112000,5377526000
"ARE","Alexandria Real Estate Equities Inc","REAL ESTATE & CONSTRUCTION","REAL ESTATE INVESTMENT TRUSTS",55.09,844.2,0.96,5.5,15.46,9.63,0.103,0.242,0.0142,0.0227,0.05,6.48,NA,NA,NA,0.0532,5.19,NA,1.193,127,93.25,17163804000,1960150000,3123453000
"ALGN","Align Technology Inc","LIFE SCIENCES","ORTHOPEDIC, PROSTHETIC & SURGICAL APPLIANCES & SUPPLIES",29.57,1.117,3.175,3.059,13.84,2.827,0.105,0.182,0.0687,0.113,0.04,-0.147,NA,NA,NA,NA,NA,NA,1.688,335.4,158.13,12231921000,820598000,3999012000
"ALLE","Allegion PLC","TRADE & SERVICES","SERVICES-DETECTIVE, GUARD & ARMORED CAR SERVICES",18.6,1.745,7.28,2.897,13.51,3.294,0.158,0.207,0.113,0.424,0.054,0.234,NA,NA,NA,0.0161,1.92,NA,1.116,154.92,112.04,10929542000,896800000,3772200000
"LNT","Alliant Energy Corp","ENERGY & TRANSPORTATION","ELECTRIC & OTHER SERVICES COMBINED",23.4,2.007,2.307,4.059,14.74,6.65,0.173,-0.312,0.0265,0.1,0.016,0.235,NA,NA,NA,0.0322,1.92,NA,0.536,66.54,45.6,16158762000,1.702e+09,3.981e+09
"ALL","The Allstate Corporation","FINANCE","FIRE, MARINE & CASUALTY INSURANCE",12.21,2.064,2.754,0.858,NA,0.981,0.0728,0.155,0.0362,0.236,0.113,0.282,NA,NA,NA,0.0198,3.68,NA,0.464,207.91,154.43,54990246000,6.777e+09,6.4106e+10
"GOOG","Alphabet Inc Class C","TECHNOLOGY","SERVICES-COMPUTER PROGRAMMING, DATA PROCESSING, ETC.",20.85,1.207,6.29,5.8,14.47,5.6,0.286,0.34,0.167,0.329,0.118,0.309,NA,NA,NA,0.0049,0.8,NA,1.025,208.46,146.32,2.02988e+12,1.29497e+11,3.50018e+11
"MO","Altria Group","MANUFACTURING","CIGARETTES",9.01,4.015,27.3,4.872,8.06,5.94,0.551,0.61,0.205,0,0.016,0.539,NA,NA,NA,0.0697,4,NA,0.606,59.67,38.27,99596780000,1.2387e+10,2.0444e+10
"AEE","Ameren Corp","ENERGY & TRANSPORTATION","ELECTRIC & OTHER SERVICES COMBINED",22.43,2.47,2.183,3.653,12.76,5.92,0.161,0.146,0.0266,0.1,0.205,0.288,NA,NA,NA,0.029,2.68,NA,0.493,103.36,67.8,26753081000,3.201e+09,7.324e+09
"AEP","American Electric Power Co Inc","ENERGY & TRANSPORTATION","ELECTRIC SERVICES",18.92,2.444,2.065,2.857,12.47,5.12,0.15,0.263,0.0286,0.114,0.026,0.97,NA,NA,NA,0.0357,3.57,NA,0.492,109.52,76.22,56336527000,7823600000,19721300000
"AXP","American Express Company","FINANCE","FINANCE SERVICES",18.97,1.864,6.15,3.071,NA,3.599,0.167,0.178,0.038,0.347,0.106,0.157,NA,NA,NA,0.0128,2.8,NA,1.212,326.27,212.82,1.86614e+11,NA,6.0764e+10
"AIG","American International Group Inc","FINANCE","FIRE, MARINE & CASUALTY INSURANCE",20.43,0.855,1.16,1.825,NA,2.088,-0.052,0.256,0.0075,0.0575,0.088,11.53,NA,NA,NA,0.0196,1.56,NA,1,83.77,68.25,49323770000,7.825e+09,27026999000
"AMT","American Tower Corp","REAL ESTATE & CONSTRUCTION","REAL ESTATE INVESTMENT TRUSTS",30.48,1.328,28.72,9.74,19.44,13.73,0.223,0.46,0.0453,0.318,-0.086,13.39,NA,NA,NA,0.0327,6.48,NA,0.861,239.67,166.36,98600698000,6637400000,10127200000
"AWK","American Water Works","ENERGY & TRANSPORTATION","WATER SUPPLY",26.78,3.748,2.723,6.01,15.79,9,0.224,0.337,0.0346,0.104,0.164,0.391,NA,NA,NA,0.0215,3.003,NA,0.681,152.07,110.78,28134754000,2.534e+09,4.684e+09
"AMP","Ameriprise Financial Inc","FINANCE","INVESTMENT ADVICE",14.7,0.979,8.93,2.718,NA,2.528,0.19,0.369,0.0226,0.683,0.115,1.966,NA,NA,NA,0.0122,5.79,NA,1.326,580.45,383.56,48724374000,4.269e+09,17926001000
"AME","Ametek Inc","LIFE SCIENCES","INDUSTRIAL INSTRUMENTS FOR MEASUREMENT, DISPLAY, AND CONTROL",29.7,2.695,4.132,5.86,19.31,6,0.198,0.282,0.075,0.15,0.018,0.129,NA,NA,NA,0.0072,1.12,NA,1.147,197.69,148.3,40643777000,2162489000,6941180000
"AMGN","Amgen Inc","LIFE SCIENCES","BIOLOGICAL PRODUCTS, (NO DISGNOSTIC SUBSTANCES)",41.44,1.065,28.68,5.04,16.22,6.48,0.122,0.518,0.064,0.675,0.109,-0.187,NA,NA,NA,0.0305,9,NA,0.524,338.98,251.27,1.68527e+11,1.5157e+10,33423999000
"APH","Amphenol Corporation","MANUFACTURING","ELECTRONIC CONNECTORS",32.81,2.189,7.62,5.01,21.01,5.25,0.159,0.224,0.109,0.267,0.298,0.438,NA,NA,NA,0.0107,0.55,NA,1.258,79.39,54.37,76298035000,3875100000,15222700000
"ADI","Analog Devices Inc","MANUFACTURING","SEMICONDUCTORS & RELATED DEVICES",66.69,0.888,2.952,11.09,26.34,11.61,0.168,0.229,0.0262,0.0443,-0.036,-0.161,NA,NA,NA,0.019,3.75,NA,1.072,246.03,179.54,1.03535e+11,4111152000,9337627000
"ANSS","ANSYS Inc","TECHNOLOGY","SERVICES-PREPACKAGED SOFTWARE",49.34,1.895,4.573,11.11,29.91,10.68,0.226,0.403,0.0584,0.1,0.096,0.019,NA,NA,NA,NA,NA,NA,1.109,363.03,289.82,28283482000,860560000,2544809000
"AON","Aon PLC","FINANCE","INSURANCE AGENTS, BROKERS & SERVICE",31.9,1.904,13.91,5.49,18.52,5.82,0.169,0.397,0.0662,0.956,0.229,0.331,NA,NA,NA,0.0068,2.64,NA,0.923,412.97,265.89,86139036000,5.075e+09,1.5698e+10
"APA","APA Corporation","ENERGY & TRANSPORTATION","CRUDE PETROLEUM & NATURAL GAS",8.64,0.17,1.352,0.754,3.037,1.302,0.0849,0.332,0.0747,0.222,0.245,-0.835,NA,NA,NA,0.051,1,NA,3.27,34.76,17.66,7139295000,5.629e+09,9.472e+09
"APO","Apollo Global Management LLC Class A","FINANCE","INVESTMENT ADVICE",18.32,1.37,4.833,2.96,14.76,3.043,0.177,0.213,0.0184,0.227,-0.526,-0.459,NA,NA,NA,0.0138,1.85,NA,1.647,188.95,94.18,76626878000,NA,2.5888e+10
"AMAT","Applied Materials Inc","MANUFACTURING","SEMICONDUCTORS & RELATED DEVICES",20.35,1.704,6.54,4.576,13.93,4.35,0.23,0.303,0.156,0.352,0.068,-0.398,NA,NA,NA,0.0123,1.6,NA,1.619,254.22,145.37,1.26465e+11,8.481e+09,27634999000
"APTV","Aptiv PLC","MANUFACTURING","MOTOR VEHICLE PARTS & ACCESSORIES",9.08,0.853,1.622,0.736,6.25,1.095,0.0906,0.111,0.0551,0.173,-0.002,-0.648,NA,NA,NA,NA,NA,NA,1.785,85.56,51.47,14507870000,3.067e+09,19712999000
"ACGL","Arch Capital Group Ltd","FINANCE","FIRE, MARINE & CASUALTY INSURANCE",8.27,2.24,1.738,1.992,NA,2.212,0.247,0.197,0.0445,0.22,0.144,-0.605,NA,NA,NA,0,0,NA,0.603,110.75,84.85,34746798000,4.856e+09,1.744e+10
"ADM","Archer-Daniels-Midland Company","MANUFACTURING","FATS & OILS",12.93,16.43,1.021,0.265,8.12,0.39,0.0211,0.0158,0.0233,0.0759,-0.064,0.103,NA,NA,NA,0.0432,2,NA,0.662,64.19,44.42,22632577000,3.063e+09,85530001000
"ANET","Arista Networks","TECHNOLOGY","COMPUTER COMMUNICATIONS EQUIPMENT",37.45,2.238,10.54,15.04,33.56,14.41,0.407,0.414,0.153,0.331,0.253,0.295,NA,NA,NA,NA,NA,NA,1.079,133.57,60.08,1.05316e+11,2989874000,7003146000
"AJG","Arthur J Gallagher & Co","FINANCE","INSURANCE AGENTS, BROKERS & SERVICE",50.11,1.123,4.08,7.58,26.05,6.99,0.134,0.364,0.0303,0.0949,0.114,0.086,NA,NA,NA,0.0081,2.4,NA,0.755,344.77,228.18,82838626000,3629600000,10927400000
"AIZ","Assurant Inc","FINANCE","INSURANCE CARRIERS, NEC",14.6,1.46,2.029,0.903,NA,0.896,0.064,0.0908,0.0189,0.153,0.041,0.134,NA,NA,NA,0.0157,2.96,NA,0.606,228.87,158.37,10727249000,1263200000,11877500000
"T","AT&T Inc","TECHNOLOGY","TELEPHONE COMMUNICATIONS (NO RADIOTELEPHONE)",17.84,1.103,1.828,1.56,7.46,2.685,0.0895,0.182,0.0412,0.102,0.009,0.884,NA,NA,NA,0.0425,1.11,NA,0.705,27.97,15.31,1.90796e+11,4.3954e+10,1.22336e+11
"ATO","Atmos Energy Corporation","ENERGY & TRANSPORTATION","NATURAL GAS DISTRIBUTION",21.47,2.477,1.862,5.69,14.55,7.58,0.259,0.397,0.035,0.0901,0.015,0.074,NA,NA,NA,0.0237,3.285,NA,0.664,154.55,108.24,23791739000,2092521000,4182719000
"ADSK","Autodesk Inc","TECHNOLOGY","SERVICES-PREPACKAGED SOFTWARE",49.79,1.504,20.68,8.84,35.42,8.95,0.181,0.222,0.0838,0.497,0.116,0.069,NA,NA,NA,NA,NA,NA,1.509,326.62,195.32,54193590000,1.433e+09,6.131e+09
"ADP","Automatic Data Processing Inc","TECHNOLOGY","SERVICES-COMPUTER PROCESSING & DATA PREPARATION",30.42,3.1,23.28,5.96,19.6,6.4,0.198,0.259,0.0546,0.837,0.081,0.103,NA,NA,NA,0.0212,5.74,NA,0.777,321.13,227.71,1.18709e+11,5859300000,19903400000
"AZO","AutoZone Inc","TRADE & SERVICES","RETAIL-AUTO & HOME SUPPLY STORES",23.87,2.004,13.38,3.188,16.57,3.333,0.14,0.179,0.134,0,0.024,-0.021,NA,NA,NA,NA,NA,NA,0.71,3704.43,2728.97,59534078000,4315687000,18672517000
"AVB","AvalonBay Communities Inc","REAL ESTATE & CONSTRUCTION","REAL ESTATE INVESTMENT TRUSTS",27.55,6.75,2.497,10.06,17.61,13.03,0.365,0.315,0.029,0.0912,0.054,0.163,NA,NA,NA,0.0337,6.8,NA,1.013,237.44,173.26,29820918000,1813285000,2964439000
"AVY","Avery Dennison Corp","MANUFACTURING","CONVERTED PAPER & PAPERBOARD PRODS (NO CONTANERS/BOXES)",20.49,1.999,6.01,1.611,12.09,1.909,0.0805,0.14,0.0859,0.318,0.036,0.224,NA,NA,NA,0.02,3.45,NA,0.861,230.42,174.91,14106486000,1420600000,8755700000
"AXON","Axon Enterprise Inc.","MANUFACTURING","ORDNANCE & ACCESSORIES, (NO VEHICLES/GUIDED MISSILES)",116.37,2.86,18.31,20.47,96.92,20.34,0.181,-0.0166,0.0122,0.191,0.336,1.225,NA,NA,NA,NA,NA,NA,1.123,715.99,273.52,42622476000,125274000,2082526000
"BKR","Baker Hughes Co","TECHNOLOGY","OIL & GAS FIELD MACHINERY & EQUIPMENT",14.38,2.45,2.511,1.524,9.8,1.62,0.107,0.14,0.0575,0.185,0.077,1.745,NA,NA,NA,0.022,0.84,NA,1.287,49.16,30.42,42416398000,4.599e+09,2.7829e+10
"BALL","Ball Corporation","MANUFACTURING","METAL CANS",37.88,1.343,2.459,1.244,13.26,1.628,0.34,0.108,0.04,0.0881,-0.008,0.008,NA,NA,NA,0.0157,0.8,NA,0.991,70.4,48.76,14675685000,1.803e+09,1.1795e+10
"BAC","Bank of America Corp","FINANCE","NATIONAL COMMERCIAL BANKS",12.74,1.535,1.141,3.236,NA,6.48,0.282,0.297,0.0084,0.0924,0.064,1.427,NA,NA,NA,0.0262,1,NA,1.331,47.68,33.33,3.10879e+11,NA,96066003000
"BAX","Baxter International Inc","LIFE SCIENCES","SURGICAL & MEDICAL INSTRUMENTS & APPARATUS",NA,2.277,2.541,1.664,26.33,2.763,-0.061,0.101,0.0205,-0.0421,0.01,-0.945,NA,NA,NA,0.0197,1.04,NA,0.603,42.85,28.2,17697108000,1.885e+09,1.0636e+10
"BDX","Becton Dickinson and Company","LIFE SCIENCES","SURGICAL & MEDICAL INSTRUMENTS & APPARATUS",37.98,1.033,2.575,3.144,17.08,4.017,0.0837,0.153,0.037,0.0684,0.098,0.083,NA,NA,NA,0.0179,3.89,NA,0.379,250.85,215.84,64886768000,5.496e+09,2.064e+10
"BRK-B","Berkshire Hathaway Inc","FINANCE","FIRE, MARINE & CASUALTY INSURANCE",12.47,10.06,1.71,2.988,NA,2.798,0.24,0.259,0.0639,0.146,0.016,-0.474,NA,NA,NA,NA,NA,NA,0.858,518.77,395.66,1.10981e+12,1.2659e+11,3.71433e+11
"BBY","Best Buy Co. Inc","TRADE & SERVICES","RETAIL-RADIO, TV & CONSUMER ELECTRONICS STORES",16.7,1.467,5.35,0.368,7.91,0.421,0.0223,0.0491,0.0729,0.316,-0.048,-0.745,NA,NA,NA,0.0541,3.76,NA,1.452,102.38,67.21,15284275000,2.6e+09,41528001000
"TECH","Bio-Techne Corp","LIFE SCIENCES","BIOLOGICAL PRODUCTS, (NO DISGNOSTIC SUBSTANCES)",63.43,1.309,4.728,8.22,32.69,8.4,0.132,0.178,0.0568,0.0783,0.09,0.294,NA,NA,NA,0.0053,0.32,NA,1.295,85.29,56.6,9826750000,309534000,1196016000
"AMCR","Amcor PLC","MANUFACTURING","MISCELLANEOUS MANUFACTURING INDUSTRIES",17.78,1.654,3.678,1.044,10.89,1.542,0.0589,0.0898,0.0514,0.207,-0.003,0.228,NA,NA,NA,0.053,0.505,NA,0.811,11.2,8.38,14135425000,1.907e+09,1.354e+10
"BIIB","Biogen Inc","LIFE SCIENCES","BIOLOGICAL PRODUCTS, (NO DISGNOSTIC SUBSTANCES)",12.47,6.24,1.226,2.109,8.75,2.557,0.169,0.215,0.0529,0.104,0.029,0.063,NA,NA,NA,NA,NA,NA,0.012,238,128.51,20410532000,2995700000,9675900000
"BLK","BlackRock Inc","FINANCE","SECURITY BROKERS, DEALERS & FLOTATION COMPANIES",22.09,1.649,3.036,7.07,15.36,7.05,0.312,0.367,0.0367,0.144,0.226,0.163,NA,NA,NA,0.0231,20.4,NA,1.303,1078.33,728.7,1.44183e+11,8.207e+09,20406999000
"BX","Blackstone Group Inc","FINANCE","INVESTMENT ADVICE",38.92,1.755,13.15,13.56,NA,11,0.219,0.507,0.13,0.289,1.184,3.545,NA,NA,NA,0.028,3.95,NA,1.541,199.26,113.59,1.71697e+11,NA,12662587000
"BK","Bank of New York Mellon","FINANCE","STATE COMMERCIAL BANKS",14.09,0.633,1.587,3.164,NA,5.17,0.244,0.353,0.011,0.11,0.129,6.41,NA,NA,NA,0.023,1.78,NA,1.051,90.34,51.27,58694377000,NA,1.8549e+10
"BA","The Boeing Company","MANUFACTURING","AIRCRAFT",NA,6.53,NA,1.83,111.56,2.25,-0.178,-0.239,-0.0427,0,-0.308,-0.68,NA,NA,NA,NA,NA,NA,1.526,196.95,137.03,1.21747e+11,-8183000064,6.6517e+10
"BKNG","Booking Holdings Inc","ENERGY & TRANSPORTATION","TRANSPORTATION SERVICES",25.86,1.133,34.95,6.17,15.19,5.98,0.248,0.306,0.182,2.257,0.144,4.091,NA,NA,NA,0.0089,35,NA,1.404,5326.33,3160.92,1.46536e+11,8.18e+09,23739001000
"BSX","Boston Scientific Corp","LIFE SCIENCES","SURGICAL & MEDICAL INSTRUMENTS & APPARATUS",77.73,1.91,6.59,8.56,39.97,9.2,0.111,0.173,0.0504,0.0889,0.224,0.12,NA,NA,NA,NA,NA,NA,0.774,107.17,66.16,1.43387e+11,4.271e+09,1.6747e+10
"BMY","Bristol-Myers Squibb Company","LIFE SCIENCES","PHARMACEUTICAL PREPARATIONS",NA,1.373,7.49,2.479,51.35,3.368,-0.185,0.227,0.0655,-0.39,0.075,-0.959,NA,NA,NA,0.0411,2.42,NA,0.436,63.33,38.18,1.1975e+11,1.9407e+10,48299999000
"AVGO","Broadcom Inc","MANUFACTURING","SEMICONDUCTORS & RELATED DEVICES",90.53,0.509,12.89,16.86,34.42,17.55,0.185,0.318,0.0698,0.148,0.164,1.881,NA,NA,NA,0.0123,2.235,NA,1.03,251.21,118.67,9.19419e+11,28841001000,54528999000
"BR","Broadridge Financial Solutions Inc","TRADE & SERVICES","SERVICES-BUSINESS SERVICES, NEC",35.57,1.842,11.96,3.986,19.02,4.521,0.114,0.133,0.0886,0.353,0.131,1.034,NA,NA,NA,0.0155,3.36,NA,1.063,245.62,185.33,26639374000,1639700000,6682900000
"BRO","Brown & Brown Inc","FINANCE","INSURANCE AGENTS, BROKERS & SERVICE",34.06,4.41,5.25,7.17,21.48,7.88,0.211,0.266,0.0528,0.167,0.152,-0.219,NA,NA,NA,0.0051,0.54,NA,0.856,121.25,79.87,33797161000,1.596e+09,4.712e+09
"BF-B","Brown-Forman Corporation","MANUFACTURING","BEVERAGES",16.65,4.401,4.301,4.052,12.77,4.612,0.244,0.299,0.0896,0.28,-0.032,-0.05,NA,NA,NA,0.026,0.88,NA,0.727,52.38,30.29,16390021000,1.256e+09,4.045e+09
"BLDR","Builders FirstSource Inc","TRADE & SERVICES","RETAIL-LUMBER & OTHER BUILDING MATERIALS DEALERS",13.93,0.81,3.248,0.874,8.41,1.106,0.0657,0.0796,0.0946,0.239,-0.08,-0.419,NA,NA,NA,NA,NA,NA,2.197,214.7,122.49,14337834000,2157178000,16400492000
"BG","Bunge Limited","MANUFACTURING","FATS & OILS",9.25,1.705,0.998,0.186,5.37,0.249,0.0214,0.0289,0.0389,0.104,-0.093,0.04,NA,NA,NA,0.037,2.72,NA,0.65,112.16,66.75,9897556000,2.031e+09,53107999000
"BXP","Boston Properties Inc","REAL ESTATE & CONSTRUCTION","REAL ESTATE INVESTMENT TRUSTS",727.89,0.366,1.915,3.42,16.13,7.66,0.0042,0.305,0.0242,0.0104,0.045,-0.232,NA,NA,NA,0.0598,3.92,NA,1.214,88.92,54.16,11560616000,1896613000,3380319000
"CHRW","CH Robinson Worldwide Inc","ENERGY & TRANSPORTATION","ARRANGEMENT OF TRANSPORTATION OF FREIGHT & CARGO",25.49,1.972,6.64,0.659,17,0.735,0.0263,0.0471,0.0849,0.297,-0.009,3.741,NA,NA,NA,0.0257,2.46,NA,0.835,114.09,63.38,11678296000,763002000,17724957000
"CDNS","Cadence Design Systems Inc","TECHNOLOGY","SERVICES-PREPACKAGED SOFTWARE",64.43,2.542,14.17,14.61,39.6,14.22,0.227,0.337,0.119,0.261,0.269,0.041,NA,NA,NA,NA,NA,NA,1.053,328.99,230.09,67822539000,1586063000,4641264000
"CZR","Caesars Entertainment Corporation","REAL ESTATE & CONSTRUCTION","HOTELS & MOTELS",NA,4.669,1.431,0.529,8.43,2.681,-0.0247,0.186,0.0431,-0.0464,-0.009,0.417,NA,NA,NA,NA,NA,NA,2.968,45.93,26.42,5951205000,3.599e+09,1.1245e+10
"CPT","Camden Property Trust","REAL ESTATE & CONSTRUCTION","REAL ESTATE INVESTMENT TRUSTS",78.73,8.96,2.697,8.11,18.15,10.41,0.105,0.187,0.0207,0.0349,-0.003,-0.817,NA,NA,NA,0.0356,4.12,NA,0.958,126.55,92.27,12606934000,883698000,1555399000
"CPB","Campbell Soup Company Common Stock","MANUFACTURING","FOOD AND KINDRED PRODUCTS",22.21,0.633,2.934,1.132,12.43,1.81,0.0515,0.144,0.065,0.134,0.093,-0.147,NA,NA,NA,0.0406,1.5,NA,0.143,52.81,36.92,11456153000,1.874e+09,1.0119e+10
"CAH","Cardinal Health Inc","TRADE & SERVICES","WHOLESALE-DRUGS, PROPRIETARIES & DRUGGISTS' SUNDRIES",23.84,0.837,16.07,0.139,13.22,0.156,0.0059,0.0102,0.0301,0,-0.038,0.1,NA,NA,NA,0.016,2.017,NA,0.677,132.84,92.35,30920704000,2.99e+09,2.22276e+11
"KMX","CarMax Inc","TRADE & SERVICES","RETAIL-AUTO DEALERS & GASOLINE STATIONS",23.78,0.645,1.731,0.387,16.88,1.143,0.0166,0.0295,0.0167,0.0752,0.018,0.565,NA,NA,NA,NA,NA,NA,1.762,91.25,65.83,10750621000,992102000,27796199000
"CCL","Carnival Corporation","ENERGY & TRANSPORTATION","WATER TRANSPORTATION",13.83,1.41,2.911,1.076,8.77,2.182,0.0766,0.0852,0.0448,0.237,0.1,0.599,NA,NA,NA,NA,NA,NA,2.669,28.72,13.78,26929650000,6.076e+09,2.5021e+10
"CARR","Carrier Global Corp","TECHNOLOGY","AIR-COND & WARM AIR HEATG EQUIP & COMM & INDL REFRIG EQUIP",54.53,443.83,4.082,2.556,16.21,2.945,0.249,0.0822,0.0415,0.104,0.193,4.811,NA,NA,NA,0.014,0.795,NA,1.229,82.82,52.69,57481118000,3.562e+09,2.2486e+10
"CAT","Caterpillar Inc","TECHNOLOGY","CONSTRUCTION MACHINERY & EQUIP",15.39,1.655,8.33,2.505,12.09,2.991,0.167,0.192,0.0968,0.553,-0.05,0.096,NA,NA,NA,0.0169,5.53,NA,1.138,416.97,304.83,1.62325e+11,1.5646e+10,64809001000
"CBOE","Cboe Global Markets Inc","FINANCE","SECURITY & COMMODITY BROKERS, DEALERS, EXCHANGES & SERVICES",29.67,1.75,5.26,5.47,18.21,5.64,0.187,0.272,0.0968,0.185,0.143,-0.065,NA,NA,NA,0.0117,2.36,NA,0.661,220.63,164.65,22400993000,1305500000,4094500000
"CBRE","CBRE Group Inc Class A","REAL ESTATE & CONSTRUCTION","REAL ESTATE",39.99,1.105,4.48,1.053,21.73,1.181,0.0271,0.0482,0.0386,0.114,0.162,0.026,NA,NA,NA,NA,NA,NA,1.42,147.75,84.24,37678645000,2.151e+09,35767001000
"CDW","CDW Corp","TRADE & SERVICES","RETAIL-CATALOG & MAIL-ORDER HOUSES",20.98,1.53,9.4,1.054,14.23,1.304,0.0513,0.0819,0.075,0.49,0.033,-0.098,NA,NA,NA,0.0153,2.485,NA,1.004,260.18,162.84,22126164000,1.952e+09,20998699000
"CE","Celanese Corporation","LIFE SCIENCES","PLASTIC MATERIAL, SYNTH RESIN/RUBBER, CELLULOS (NO GLASS)",NA,4.42,1.122,0.607,35.38,1.731,-0.148,0.076,0.0275,-0.229,-0.077,-0.878,NA,NA,NA,0.0023,2.8,NA,1.219,169.48,45.94,6237390000,1.798e+09,10279999000
"COR","Cencora Inc.","TRADE & SERVICES","WHOLESALE-DRUGS, PROPRIETARIES & DRUGGISTS' SUNDRIES",36.61,0.996,220.63,0.165,17.09,0.181,0.0046,0.0097,0.0286,1.982,0.128,-0.161,NA,NA,NA,0.0085,2.08,NA,0.503,263.7,213.34,49991512000,4175311000,3.03193e+11
"CNC","Centene Corp","FINANCE","HOSPITAL & MEDICAL SERVICE PLANS",9.22,0.598,1.089,0.196,5.08,0.193,0.0225,0.0148,0.037,0.126,0.023,6.34,NA,NA,NA,NA,NA,NA,0.397,80.59,55.03,28864799000,6.188e+09,1.47169e+11
"CNP","CenterPoint Energy Inc","ENERGY & TRANSPORTATION","ELECTRIC SERVICES",22.46,2.324,2.118,2.679,12.31,4.971,0.118,0.217,0.0296,0.1,0.037,0.267,NA,NA,NA,0.0254,0.81,NA,0.904,35.63,25.06,23158753000,3.329e+09,8.643e+09
"CF","CF Industries Holdings Inc","LIFE SCIENCES","AGRICULTURAL CHEMICALS",11.37,0.686,2.613,2.189,5.19,2.469,0.205,0.272,0.0775,0.185,-0.03,0.316,NA,NA,NA,0.026,2,NA,0.979,97.65,67.88,12991619000,2.65e+09,5.936e+09
"CRL","Charles River Laboratories","TRADE & SERVICES","SERVICES-COMMERCIAL PHYSICAL & BIOLOGICAL RESEARCH",855.2,5.48,2.527,2.16,19.4,2.784,0.0055,0.0779,0.0434,0.0071,-0.011,-0.213,NA,NA,NA,NA,NA,NA,1.448,274.76,150.79,8747259000,898197000,4049989000
"SCHW","Charles Schwab Corp","FINANCE","SECURITY BROKERS, DEALERS & FLOTATION COMPANIES",25.79,0.878,3.569,7.13,NA,9.9,0.303,0.435,0.0122,0.133,0.17,0.846,NA,NA,NA,0.0147,1,NA,0.978,84.22,60.36,1.39844e+11,NA,1.9606e+10
"CHTR","Charter Communications Inc","TECHNOLOGY","CABLE & OTHER PAY TELEVISION SERVICES",10.05,0.367,3.147,0.906,6.74,2.621,0.0923,0.246,0.0556,0.34,0.016,0.426,NA,NA,NA,NA,NA,NA,1.135,415.27,236.08,49917919000,2.1895e+10,55084999000
"CVX","Chevron Corp","ENERGY & TRANSPORTATION","PETROLEUM REFINING",16.15,3.482,1.776,1.414,6.44,1.49,0.0903,0.114,0.0562,0.113,0.086,0.515,NA,NA,NA,0.0445,6.52,NA,1.062,162.87,132.53,2.76449e+11,40080998000,1.95568e+11
"CMG","Chipotle Mexican Grill Inc","TRADE & SERVICES","RETAIL-EATING PLACES",45.07,1.961,18.07,5.99,29.81,6.11,0.136,0.15,0.142,0.457,0.131,0.166,NA,NA,NA,NA,NA,NA,1.274,69.26,47.98,67807662000,2288412000,11313853000
"CB","Chubb Ltd","FINANCE","FIRE, MARINE & CASUALTY INSURANCE",12.94,2.547,1.84,2.108,NA,2.408,0.166,0.214,0.0301,0.146,0.091,-0.213,NA,NA,NA,0.0126,3.59,NA,0.674,300.1,235.74,1.17791e+11,1.1814e+10,55881998000
"CHD","Church & Dwight Company Inc","LIFE SCIENCES","SOAP, DETERGENTS, CLEANG PREPARATIONS, PERFUMES, COSMETICS",46.03,2.609,6.15,4.394,25.75,4.597,0.0958,0.162,0.0834,0.142,0.035,0.226,NA,NA,NA,0.0108,1.135,NA,0.565,116.46,95.56,26835327000,1372400000,6107100000
"CI","Cigna Corp","FINANCE","HOSPITAL & MEDICAL SERVICE PLANS",25.84,0.943,2.087,0.346,NA,0.45,0.0139,0.035,0.0393,0.0863,0.284,0.468,NA,NA,NA,0.0193,5.6,NA,0.533,367.47,260.75,85633851000,1.1446e+10,2.47121e+11
"CINF","Cincinnati Financial Corporation","FINANCE","FIRE, MARINE & CASUALTY INSURANCE",10.01,-158.72,1.633,2.007,NA,1.998,0.202,0.194,0.0525,0.176,-0.244,-0.658,NA,NA,NA,0.0239,3.24,NA,0.674,160.83,107.89,22757024000,3.041e+09,1.1337e+10
"CTAS","Cintas Corporation","MANUFACTURING","MEN'S & BOYS' FURNISHGS, WORK CLOTHG, & ALLIED GARMENTS",46.47,3.519,17.91,7.83,29.5,8.01,0.172,0.231,0.153,0.413,0.078,0.211,NA,NA,NA,0.0082,1.455,NA,1.407,227.69,154.69,77819421000,2561408000,9940478000
"CSCO","Cisco Systems Inc","TECHNOLOGY","COMPUTER COMMUNICATIONS EQUIPMENT",26.54,2.962,5.21,4.443,17.21,4.644,0.17,0.223,0.0656,0.2,0.094,-0.061,NA,NA,NA,0.0275,1.6,NA,0.776,66.5,43.86,2.40687e+11,1.4589e+10,54175998000
"C","Citigroup Inc","FINANCE","NATIONAL COMMERCIAL BANKS",11.56,0.991,0.679,1.816,NA,5.96,0.178,0.235,0.0054,0.0618,0.137,-0.074,NA,NA,NA,0.0333,2.18,NA,1.416,84.74,52.67,1.29615e+11,NA,71363002000
"CFG","Citizens Financial Group, Inc.","FINANCE","STATE COMMERCIAL BANKS",13.43,0.263,0.803,2.498,NA,4.145,0.212,0.279,0.0069,0.0621,0.004,1.458,NA,NA,NA,0.0413,1.68,NA,1.324,48.82,30.79,17791355000,NA,7.122e+09
"CLX","The Clorox Company","LIFE SCIENCES","SPECIALTY CLEANING, POLISHING AND SANITATION PREPARATIONS",40.1,0.625,61.19,2.53,21.84,2.918,0.0638,0.139,0.113,2.761,-0.153,1.056,NA,NA,NA,0.0332,4.86,NA,0.443,170.06,124.59,18128640000,1.249e+09,7.165e+09
"CME","CME Group Inc","FINANCE","SECURITY & COMMODITY BROKERS, DEALERS, EXCHANGES & SERVICES",26.75,8.2,3.525,15.18,18.61,15.3,0.576,0.625,0.0184,0.133,0.06,0.072,NA,NA,NA,0.0416,4.6,NA,0.547,263.65,183.31,92935963000,4273500000,6120300000
"BWA","BorgWarner Inc","MANUFACTURING","MOTOR VEHICLE PARTS & ACCESSORIES",17.61,1.21,1.135,0.446,6.58,0.605,0.024,0.103,0.0567,0.0727,-0.024,3.909,NA,NA,NA,0.0153,0.44,NA,1.193,37.72,27.65,6276231000,1.913e+09,1.4086e+10
"COF","Capital One Financial Corporation","FINANCE","NATIONAL COMMERCIAL BANKS",14.84,1.226,1.078,2.392,NA,2.826,0.173,0.196,0.0098,0.0799,0.135,0.6,NA,NA,NA,0.0144,2.4,NA,1.476,210.67,126.86,65538843000,NA,2.7396e+10
"CMS","CMS Energy Corporation","ENERGY & TRANSPORTATION","ELECTRIC & OTHER SERVICES COMBINED",21.85,2.627,2.716,2.893,12.51,5.11,0.134,0.235,0.0298,0.112,0.02,-0.161,NA,NA,NA,0.0298,2.06,NA,0.349,75.06,54.86,21743311000,2.702e+09,7.515e+09
"KO","The Coca-Cola Company","MANUFACTURING","BEVERAGES",28.11,2.647,12.05,6.32,20.82,7,0.226,0.258,0.0902,0.396,0.064,0.115,NA,NA,NA,0.0293,1.94,NA,0.575,72.68,56.25,2.97457e+11,1.5376e+10,4.7061e+10
"CTSH","Cognizant Technology Solutions Corp Class A","TECHNOLOGY","SERVICES-COMPUTER PROGRAMMING SERVICES",17.54,1.644,2.689,1.983,10.75,1.925,0.114,0.157,0.0984,0.162,0.068,-0.012,NA,NA,NA,0.0158,1.21,NA,1.118,90.51,63.07,39134020000,3.519e+09,19736001000
"CL","Colgate-Palmolive Company","LIFE SCIENCES","PERFUMES, COSMETICS & OTHER TOILET PREPARATIONS",25.59,1.939,346.51,3.626,16.67,4.024,0.144,0.209,0.164,0.406,-0.001,0.034,NA,NA,NA,0.0221,1.98,NA,0.392,108.14,83.86,72892162000,4.855e+09,20100999000
"CMCSA","Comcast Corp","TECHNOLOGY","CABLE & OTHER PAY TELEVISION SERVICES",8.56,1.441,1.566,1.083,6,1.824,0.131,0.157,0.0548,0.187,0.021,0.543,NA,NA,NA,0.038,1.24,NA,1.006,44.93,32.5,1.33962e+11,38100001000,1.23731e+11
"CAG","ConAgra Foods Inc","MANUFACTURING","FOOD AND KINDRED PRODUCTS",24.9,0.32,1.4,1.026,15.85,1.739,0.0413,0.133,0.0547,0.0552,-0.004,-0.013,NA,NA,NA,0.0542,1.4,NA,0.173,32.4,23.06,12243257000,2271600000,11928800000
"COP","ConocoPhillips","ENERGY & TRANSPORTATION","PETROLEUM REFINING",12.67,8.24,1.889,2.23,5.76,2.568,0.164,0.263,0.084,0.162,-0.031,-0.247,NA,NA,NA,0.0324,3.12,NA,1.129,131.83,86.81,1.25902e+11,24308001000,56449999000
"ED","Consolidated Edison Inc","ENERGY & TRANSPORTATION","ELECTRIC & OTHER SERVICES COMBINED",20.31,8.67,1.711,2.463,11.69,4.2,0.119,0.289,0.03,0.0844,0.065,-0.079,NA,NA,NA,0.032,3.32,NA,0.285,107.97,84.23,37570392000,5.438e+09,15256001000
"STZ","Constellation Brands Inc Class A","MANUFACTURING","BEVERAGES",48.23,1.103,4.192,3.219,27.82,4.401,0.0674,0.331,0.0906,0.0833,-0.003,0.228,NA,NA,NA,0.0222,3.92,NA,0.892,269.87,160.46,32776485000,3914800000,10183700000
"CEG","Constellation Energy Corp","ENERGY & TRANSPORTATION","ELECTRIC SERVICES",18.19,3.631,4.987,2.873,10.11,3.015,0.159,0.165,0.0515,0.301,-0.071,0.69,NA,NA,NA,0.0074,1.41,NA,0.884,351.34,154.78,67718865000,6.973e+09,23567999000
"COO","The Cooper Companies, Inc. Common Stock","LIFE SCIENCES","OPHTHALMIC GOODS",39.24,1.388,1.998,4.134,17.05,4.755,0.106,0.189,0.038,0.0525,0.036,0.271,NA,NA,NA,NA,NA,NA,1.023,112.38,77.05,16240507000,1106100000,3928500000
"CPRT","Copart Inc","TRADE & SERVICES","RETAIL-AUTO DEALERS & GASOLINE STATIONS",35.34,2.904,6.13,11.29,25.64,10.47,0.323,0.366,0.121,0.192,0.14,0.212,NA,NA,NA,NA,NA,NA,1.304,64.38,48.05,50864796000,1829825000,4506403000
"GLW","Corning Incorporated","MANUFACTURING","DRAWING & INSULATING OF NONFERROUS WIRE",80.6,0.481,3.655,3.053,18.21,3.459,0.0386,0.126,0.0308,0.0516,0.169,-0.636,NA,NA,NA,0.0246,1.12,NA,1.019,55.01,29.93,40044364000,2.737e+09,1.3118e+10
"CPAY","Corpay Inc","TRADE & SERVICES","SERVICES-BUSINESS SERVICES, NEC",24.22,1.181,7.6,5.97,14.24,7.59,0.253,0.442,0.0657,0.312,0.104,-0.011,NA,NA,NA,NA,NA,NA,1.257,400.81,247.1,23734632000,2106753000,3974589000
"CTVA","Corteva Inc","LIFE SCIENCES","AGRICULTURAL PRODUCTION-CROPS",49.03,1.295,1.688,2.425,14.52,2.348,0.0536,0.046,0.0291,0.035,0.073,0.508,NA,NA,NA,0.0116,0.67,NA,0.79,66.06,49.59,41009959000,3.179e+09,1.6908e+10
"CSGP","CoStar Group Inc","TRADE & SERVICES","SERVICES-BUSINESS SERVICES, NEC",231.56,2.658,4.212,12.14,186.59,10.34,0.0507,0.0564,3e-04,0.0186,0.108,-0.382,NA,NA,NA,NA,NA,NA,0.931,100.38,68.26,33205404000,151600000,2736200000
"COST","Costco Wholesale Corp","TRADE & SERVICES","RETAIL-VARIETY STORES",52.86,5.44,15.68,1.519,31.4,1.499,0.0289,0.0363,0.0873,0.329,0.09,0.026,NA,NA,NA,0.0052,2.32,NA,0.805,1078.23,693.47,4.01054e+11,1.2073e+10,2.64086e+11
"CTRA","Coterra Energy Inc","ENERGY & TRANSPORTATION","CRUDE PETROLEUM & NATURAL GAS",18.42,44.67,1.556,4.026,6.71,4.064,0.214,0.235,0.0412,0.0857,-0.035,-0.278,NA,NA,NA,0.0329,0.84,NA,0.242,29.71,21.94,21113491000,3.226e+09,5.244e+09
"CRWD","Crowdstrike Holdings Inc","TECHNOLOGY","SERVICES-PREPACKAGED SOFTWARE",NA,3.878,25.13,22.18,267.61,19.95,-0.0049,-0.0213,-0.0047,-0.0059,0.252,5.33,NA,NA,NA,NA,NA,NA,1.193,455.59,200.81,87681352000,101526000,3953624000
"CCI","Crown Castle","REAL ESTATE & CONSTRUCTION","REAL ESTATE INVESTMENT TRUSTS",36.6,2.621,7.8,6.8,18.26,10.73,0.186,0.353,0.0375,0.205,-0.015,0.142,NA,NA,NA,0.0658,6.26,NA,0.906,117.05,82.81,44859208000,3.994e+09,6.593e+09
"CSX","CSX Corporation","ENERGY & TRANSPORTATION","RAILROADS, LINE-HAUL OPERATING",16.77,1.759,4.415,3.91,10.39,5.03,0.239,0.354,0.0797,0.283,-0.038,-0.148,NA,NA,NA,0.0179,0.48,NA,1.245,37.48,28.98,56857547000,7.074e+09,1.454e+10
"CMI","Cummins Inc","TECHNOLOGY","ENGINES & TURBINES",11.34,0.628,4.306,1.297,7.82,1.453,0.116,0.117,0.0745,0.384,-0.011,0.277,NA,NA,NA,0.0226,7,NA,1.005,386.06,257.45,44227637000,4.842e+09,3.4102e+10
"CVS","CVS Health Corp","TRADE & SERVICES","RETAIL-DRUG STORES AND PROPRIETARY STORES",17.95,0.677,1.096,0.223,11.29,0.415,0.0125,0.0196,0.0199,0.0602,0.036,-0.178,NA,NA,NA,0.0405,2.66,NA,0.531,77.23,43.01,82809348000,12615999000,3.70656e+11
"DHR","Danaher Corporation","LIFE SCIENCES","INDUSTRIAL INSTRUMENTS FOR MEASUREMENT, DISPLAY, AND CONTROL",39.84,2.096,3.04,6.31,22.77,6.94,0.163,0.225,0.0398,0.0757,0.021,0.035,NA,NA,NA,0.0061,1.08,NA,0.849,281.1,196.8,1.50618e+11,7.506e+09,2.3875e+10
"DRI","Darden Restaurants Inc","TRADE & SERVICES","RETAIL-EATING PLACES",21.26,1.734,10.25,1.882,14.97,2.361,0.0901,0.101,0.0706,0.509,0.06,0.032,NA,NA,NA,0.0309,5.42,NA,1.272,203.12,133.62,21788170000,1810800000,11579100000
"DVA","DaVita HealthCare Partners Inc","LIFE SCIENCES","SERVICES-MISC HEALTH & ALLIED SERVICES, NEC",13.37,1.517,94.75,0.895,8.33,1.771,0.0731,0.137,0.0715,0.517,0.047,0.909,NA,NA,NA,NA,NA,NA,0.989,179.6,125.64,1.1476e+10,2678688000,12815550000
"HIG","Hartford Financial Services Group","FINANCE","FIRE, MARINE & CASUALTY INSURANCE",11.49,1.41,2.063,1.278,NA,1.431,0.117,0.165,0.0323,0.196,0.074,0.153,NA,NA,NA,0.0179,1.93,NA,0.907,123.83,92.86,33929660000,4.323e+09,2.656e+10
"HAS","Hasbro Inc","MANUFACTURING","GAMES, TOYS & CHILDREN'S VEHICLES (NO DOLLS & BICYCLES)",21.74,1.579,7.21,2.017,12.56,2.674,0.0932,0.0748,0.0727,0.347,-0.145,-0.492,NA,NA,NA,0.0468,2.8,NA,0.492,71.85,50.68,8342559000,912600000,4135500000
"HCA","HCA Holdings Inc","LIFE SCIENCES","SERVICES-GENERAL MEDICAL & SURGICAL HOSPITALS, NEC",14.52,1.02,293.44,1.123,8.82,1.737,0.0816,0.156,0.114,0.824,0.057,-0.05,NA,NA,NA,0.0091,2.64,NA,1.689,416.26,289.98,79317959000,1.3859e+10,70602998000
"DOC","Healthpeak Properties Inc","REAL ESTATE & CONSTRUCTION","REAL ESTATE INVESTMENT TRUSTS",56.86,5.59,1.702,5.3,14.41,8.59,0.09,0.173,0.0161,0.0335,0.261,-0.951,NA,NA,NA,0.0609,1.2,NA,1.118,22.7,16.07,14300259000,1456178000,2700449000
"HSIC","Henry Schein Inc","TRADE & SERVICES","WHOLESALE-MEDICAL, DENTAL & HOSPITAL EQUIPMENT & SUPPLIES",23.14,1.711,2.582,0.692,12.62,0.908,0.0308,0.0486,0.0449,0.0797,0.058,4.688,NA,NA,NA,NA,NA,NA,0.902,82.49,63.67,8764413000,1.014e+09,1.2673e+10
"HSY","Hershey Co","MANUFACTURING","SUGAR & CONFECTIONERY PRODUCTS",15.57,46.13,7.31,3.076,12.62,3.497,0.198,0.325,0.151,0.504,0.087,1.304,NA,NA,NA,0.0322,5.48,NA,0.314,206.26,138.94,34454401000,3448375000,11202263000
"HES","Hess Corporation","ENERGY & TRANSPORTATION","PETROLEUM REFINING",16.5,1.324,3.956,3.607,7.26,4.083,0.219,0.293,0.115,0.292,0.065,0.307,NA,NA,NA,0.0139,1.875,NA,1.219,162.26,122.87,45667295000,7.307e+09,1.2662e+10
"HPE","Hewlett Packard Enterprise Co","TECHNOLOGY","COMPUTER & OFFICE EQUIPMENT",7.51,4.55,0.769,0.657,4.841,0.764,0.0903,0.0787,0.0247,0.121,0.163,0.534,NA,NA,NA,0.0333,0.52,NA,1.226,24.66,14.64,20518119000,5.057e+09,31225999000
"HLT","Hilton Worldwide Holdings Inc","REAL ESTATE & CONSTRUCTION","HOTELS & MOTELS",37.36,1.326,NA,11.63,25.65,5.73,0.323,0.407,0.0922,0,0.045,2.57,NA,NA,NA,0.0027,0.6,NA,1.293,275.07,193.36,55185732000,2.501e+09,4.746e+09
"HOLX","Hologic Inc","LIFE SCIENCES","X-RAY APPARATUS & TUBES & RELATED IRRADIATION APPARATUS",19.21,1.325,2.853,3.393,10.57,3.512,0.184,0.229,0.071,0.158,0.009,-0.155,NA,NA,NA,NA,NA,NA,0.975,84.67,60.34,13703643000,1279100000,4.039e+09
"HD","Home Depot Inc","TRADE & SERVICES","RETAIL-LUMBER & OTHER BUILDING MATERIALS DEALERS",23.58,4.07,52.56,2.188,16.07,2.568,0.0928,0.113,0.156,0.385,0.141,0.073,NA,NA,NA,0.0262,9.05,NA,1.09,434.31,315.91,3.48978e+11,2.5287e+10,1.59514e+11
"HON","Honeywell International Inc","MANUFACTURING","MOTOR VEHICLE PARTS & ACCESSORIES",24.08,2.196,7.21,3.536,16.2,4.042,0.148,0.187,0.075,0.322,0.069,0.028,NA,NA,NA,0.0219,4.37,NA,1.069,240.29,185.81,1.36139e+11,9.536e+09,38498001000
"HRL","Hormel Foods Corporation","MANUFACTURING","MEAT PACKING PLANTS",21.41,3.054,2.02,1.364,13.9,1.528,0.0635,0.0796,0.0491,0.0952,-0.003,-0.225,NA,NA,NA,0.0393,1.138,NA,0.21,35.84,27.59,16244431000,1317445000,11912699000
"HST","Host Hotels & Resorts Inc","REAL ESTATE & CONSTRUCTION","REAL ESTATE INVESTMENT TRUSTS",15.06,1.756,1.576,1.856,9.13,2.728,0.122,0.115,0.0385,0.104,0.076,-0.2,NA,NA,NA,0.0551,0.8,NA,1.328,20.25,14.47,10563810000,1.54e+09,5.691e+09
"HWM","Howmet Aerospace Inc","MANUFACTURING","ROLLING DRAWING & EXTRUDING OF NONFERROUS METALS",45.02,0.803,11.05,6.9,28.6,7.09,0.155,0.226,0.0959,0.269,0.092,0.37,NA,NA,NA,0.0033,0.26,NA,1.369,140.55,62.61,51239461000,1.884e+09,7.43e+09
"HPQ","HP Inc","TECHNOLOGY","COMPUTER & OFFICE EQUIPMENT",10.22,1.004,NA,0.497,7.56,0.646,0.0505,0.0686,0.0687,0,0.024,-0.048,NA,NA,NA,0.0407,1.116,NA,1.113,39.07,26.5,26782192000,4.934e+09,53878002000
"HUBB","Hubbell Inc","MANUFACTURING","ELECTRONIC COMPONENTS & ACCESSORIES",23.7,1.946,5.6,3.25,15.23,3.494,0.138,0.195,0.102,0.254,-0.009,0.152,NA,NA,NA,0.0155,4.98,NA,0.938,478.24,330.32,18291026000,1312900000,5628500000
"HUM","Humana Inc","FINANCE","HOSPITAL & MEDICAL SERVICE PLANS",25.36,1.492,1.855,0.259,NA,0.339,0.0102,-0.0073,0.0407,0.0741,0.104,-0.407,NA,NA,NA,0.0141,3.54,NA,0.578,403.92,212.57,30520846000,3.351e+09,1.17761e+11
"HBAN","Huntington Bancshares Incorporated","FINANCE","NATIONAL COMMERCIAL BANKS",12.09,2.464,1.214,3.102,NA,5.41,0.279,0.398,0.01,0.1,0.162,1.289,NA,NA,NA,0.042,0.62,NA,1.098,18.28,11.67,21546062000,NA,6.947e+09
"HII","Huntington Ingalls Industries Inc","MANUFACTURING","SHIP & BOAT BUILDING & REPAIRING",14.05,1.36,1.645,0.665,9.64,0.889,0.0477,0.0469,0.0356,0.126,-0.054,-0.544,NA,NA,NA,0.0276,5.25,NA,0.478,287.71,157.65,7675780000,9.91e+08,1.1535e+10
"IBM","International Business Machines","TECHNOLOGY","COMPUTER & OFFICE EQUIPMENT",38.68,1.696,8.43,3.67,22.51,4.368,0.096,0.197,0.0306,0.241,0.01,-0.129,NA,NA,NA,0.0272,6.67,NA,0.734,266.45,157.33,2.30286e+11,1.0442e+10,62753001000
"IEX","IDEX Corporation","TECHNOLOGY","PUMPS & PUMPING EQUIPMENT",27.43,1.706,3.643,4.229,17.67,4.646,0.154,0.202,0.07,0.138,0.094,0.131,NA,NA,NA,0.0155,2.76,NA,0.982,243.18,177.71,13822244000,881400000,3268800000
"IDXX","IDEXX Laboratories Inc","LIFE SCIENCES","IN VITRO & IN VIVO DIAGNOSTIC SUBSTANCES",38.85,4.146,21.17,8.67,27.12,8.85,0.228,0.274,0.227,0.577,0.058,0.134,NA,NA,NA,NA,NA,NA,1.392,548.88,398.5,33775600000,1319773000,3897504000
"ITW","Illinois Tool Works Inc","TECHNOLOGY","GENERAL INDUSTRIAL MACHINERY & EQUIPMENT",21.73,3.636,22.52,4.698,16.02,5.15,0.219,0.263,0.175,1.102,-0.013,0.066,NA,NA,NA,0.0236,5.8,NA,1.149,278.12,228.93,74684015000,4.694e+09,1.5898e+10
"INCY","Incyte Corporation","TRADE & SERVICES","SERVICES-COMMERCIAL PHYSICAL & BIOLOGICAL RESEARCH",452.4,0.433,3.808,3.096,26.98,2.596,0.0077,0.253,0.0086,0.0075,0.163,0.143,NA,NA,NA,NA,NA,NA,0.76,83.95,50.35,13132539000,177597000,4241217000
"IR","Ingersoll Rand Inc","TECHNOLOGY","GENERAL INDUSTRIAL MACHINERY & EQUIPMENT",39.74,1.168,3.242,4.561,19.84,5.01,0.116,0.206,0.0542,0.0842,0.042,0.015,NA,NA,NA,0.001,0.08,NA,1.478,106,79.79,33000407000,1936300000,7.235e+09
"PODD","Insulet Corporation","LIFE SCIENCES","SURGICAL & MEDICAL INSTRUMENTS & APPARATUS",44.27,6.19,14.18,8.66,41.59,8.51,0.202,0.16,0.068,0.43,0.172,-0.062,NA,NA,NA,NA,NA,NA,1.287,289.46,160.19,17938555000,389700000,2071600000
"INTC","Intel Corporation","MANUFACTURING","SEMICONDUCTORS & RELATED DEVICES",NA,0.501,1.034,1.961,108.54,2.459,-0.353,-0.185,-0.0123,-0.179,-0.074,-0.717,NA,NA,NA,0.0224,0.375,NA,1.018,44.94,18.51,1.04136e+11,7.526e+09,53100999000
"ICE","Intercontinental Exchange Inc","FINANCE","SECURITY & COMMODITY BROKERS, DEALERS, EXCHANGES & SERVICES",35.86,2.873,3.555,10.59,19.36,10,0.297,0.474,0.0201,0.105,0.055,0.863,NA,NA,NA,0.0112,1.8,NA,1.092,175.41,123.23,98285085000,5.635e+09,9.279e+09
"IFF","International Flavors & Fragrances Inc","LIFE SCIENCES","INDUSTRIAL ORGANIC CHEMICALS",83.84,1.839,1.459,1.774,18.38,2.557,0.0212,0.0013,0.0151,0.0173,0.025,1.346,NA,NA,NA,0.0202,1.6,NA,1.228,106.27,78.91,20367620000,1.738e+09,1.1484e+10
"IP","International Paper","MANUFACTURING","PAPER MILLS",32.75,0.749,3.243,1.453,16.57,1.196,0.0299,0.0725,0.0261,0.0674,-0.005,-0.111,NA,NA,NA,0.0367,1.85,NA,0.983,59.86,31.94,27048139000,2.034e+09,18619001000
"IPG","Interpublic Group of Companies Inc","TRADE & SERVICES","SERVICES-ADVERTISING AGENCIES",14.44,145.03,2.56,1.072,7.67,1.103,0.0751,0.235,0.0477,0.18,-0.058,-0.24,NA,NA,NA,0.0506,1.32,NA,1.129,32.65,25.93,9849113000,1692700000,9187600000
"INTU","Intuit Inc","TECHNOLOGY","SERVICES-PREPACKAGED SOFTWARE",55.96,2.037,9.05,9.75,35.06,9.72,0.177,0.157,0.0826,0.174,0.41,-0.185,NA,NA,NA,0.0072,3.88,NA,1.27,713.59,553.24,1.67402e+11,4.714e+09,1.7167e+10
"ISRG","Intuitive Surgical Inc","LIFE SCIENCES","ORTHOPEDIC, PROSTHETIC & SURGICAL APPLIANCES & SUPPLIES",75.22,3.35,10.51,20.69,60.04,20.21,0.278,0.313,0.0867,0.156,0.252,0.118,NA,NA,NA,NA,NA,NA,1.429,616,364.17,1.72779e+11,2825800000,8352100000
"IVZ","Invesco Plc","FINANCE","INVESTMENT ADVICE",12.95,1.294,0.648,1.127,13.6,2.786,0.128,0.197,0.0231,0.0476,0.127,-0.586,NA,NA,NA,0.0537,0.82,NA,1.404,19.33,13.49,6839358000,1211800000,6.067e+09
"INVH","Invitation Homes Inc","REAL ESTATE & CONSTRUCTION","REAL ESTATE OPERATORS (NO DEVELOPERS) & LESSORS",45.24,13.13,2.065,7.92,18.35,10.76,0.175,0.276,0.0235,0.0456,0.058,0.095,NA,NA,NA,0.0346,1.13,NA,1.026,37.17,30.13,20512860000,1427759000,2590497000
"IQV","IQVIA Holdings Inc","TRADE & SERVICES","SERVICES-COMMERCIAL PHYSICAL & BIOLOGICAL RESEARCH",24.73,0.969,5.27,2.12,12.83,2.876,0.0891,0.16,0.0532,0.226,0.023,-0.048,NA,NA,NA,NA,NA,NA,1.506,256.34,179.28,32651776000,2.921e+09,1.5405e+10
"IRM","Iron Mountain Incorporated","REAL ESTATE & CONSTRUCTION","REAL ESTATE INVESTMENT TRUSTS",142,1.08,1516.51,4.137,21.61,6.7,0.0293,0.205,0.0419,2.251,0.114,2.583,NA,NA,NA,0.0369,2.73,NA,1.078,129.41,72.08,25443846000,2042213000,6149909000
"JBHT","JB Hunt Transport Services Inc","ENERGY & TRANSPORTATION","TRUCKING (NO LOCAL)",26.8,2.628,3.712,1.233,10.21,1.351,0.0472,0.0658,0.0615,0.141,-0.048,0.041,NA,NA,NA,0.0118,1.72,NA,1.155,199.88,147,14901192000,1592366000,12087204000
"JBL","Jabil Circuit Inc","MANUFACTURING","PRINTED CIRCUIT BOARDS",12.85,0.91,9.35,0.542,6.47,0.586,0.0471,0.0402,0.043,0.627,-0.166,-0.401,NA,NA,NA,0.0024,0.32,NA,1.186,174.72,95.67,14889092000,1.952e+09,27490001000
"JKHY","Jack Henry & Associates Inc","TECHNOLOGY","SERVICES-COMPUTER INTEGRATED SYSTEMS DESIGN",31.62,2.74,6.49,5.64,17.35,5.69,0.178,0.214,0.113,0.219,0.052,0.063,NA,NA,NA,0.0132,2.2,NA,0.655,196,155.5,12817602000,577065000,2273303000
"J","Jacobs Solutions Inc.","REAL ESTATE & CONSTRUCTION","HEAVY CONSTRUCTION OTHER THAN BLDG CONST - CONTRACTORS",33.35,1.301,3.557,1.287,13.64,1.385,0.053,0.0777,0.0455,0.0817,0.044,-0.092,NA,NA,NA,0.0107,1.16,NA,0.766,150.17,92.18,14956496000,1243114000,11623670000
"JNJ","Johnson & Johnson","LIFE SCIENCES","PHARMACEUTICAL PREPARATIONS",28.12,1.105,5.49,4.417,16.32,4.554,0.158,0.181,0.0813,0.201,0.053,-0.034,NA,NA,NA,0.0304,4.91,NA,0.463,169.99,138.68,3.92348e+11,29940001000,88820998000
"JCI","Johnson Controls International PLC","TRADE & SERVICES","SERVICES-MISCELLANEOUS BUSINESS SERVICES",37.39,1.279,3.307,2.269,22.11,2.647,0.0755,0.0971,0.0369,0.0818,0.042,0.152,NA,NA,NA,0.0186,1.48,NA,1.335,91.14,58.94,52580073000,3.343e+09,23168999000
"JPM","JPMorgan Chase & Co","FINANCE","NATIONAL COMMERCIAL BANKS",11.77,6.12,1.939,3.897,NA,5.22,0.351,0.43,0.0148,0.174,0.13,0.582,NA,NA,NA,0.0222,4.8,NA,1.09,280.25,176.22,6.49928e+11,NA,1.66775e+11
"JNPR","Juniper Networks Inc","TECHNOLOGY","COMPUTER COMMUNICATIONS EQUIPMENT",41.58,1.185,2.49,2.348,22.9,2.421,0.0567,0.126,0.0233,0.0621,0.029,0.251,NA,NA,NA,0.0247,0.88,NA,0.852,39.31,33.48,11914875000,520700000,5073600000
"K","Kellanova","MANUFACTURING","GRAIN MILL PRODUCTS",21.19,1.669,7.52,2.227,14.59,2.67,0.105,0.177,0.0829,0.374,-0.016,12.89,NA,NA,NA,0.0277,2.26,NA,0.326,83.22,51.81,28387113000,2.439e+09,1.2749e+10
"KVUE","Kenvue Inc.","LIFE SCIENCES","PERFUMES, COSMETICS & OTHER TOILET PREPARATIONS",42.24,2.371,4.582,2.821,21.05,3.361,0.0667,0.234,0.0688,0.0987,-0.001,-0.104,NA,NA,NA,0.0359,0.81,NA,NA,24.36,17.18,43595383000,3.565e+09,1.5455e+10
"KDP","Keurig Dr Pepper Inc","MANUFACTURING","BEVERAGES",31.99,2.392,1.879,2.969,18.43,4.06,0.0939,0.213,0.0402,0.0577,0.053,0.216,NA,NA,NA,0.0278,0.89,NA,0.627,37.77,28.04,45573231000,4.129e+09,1.5351e+10
"KEY","KeyCorp","FINANCE","NATIONAL COMMERCIAL BANKS",NA,1.007,1.068,4.088,NA,7.62,-0.038,-0.473,-9e-04,-0.0099,-0.429,-0.073,NA,NA,NA,0.0541,0.82,NA,1.25,19.59,12.65,17328282000,NA,4.239e+09
"NOW","ServiceNow Inc","TECHNOLOGY","SERVICES-PREPACKAGED SOFTWARE",123.44,1.906,18.14,15.87,73.49,15.56,0.13,0.138,0.0462,0.165,0.213,0.296,NA,NA,NA,NA,NA,NA,1.034,1198.09,637.99,174343176000,1.961e+09,10983999000
"F","Ford Motor Company","MANUFACTURING","MOTOR VEHICLES & PASSENGER CAR BODIES",6.66,3.111,0.86,0.208,11.31,0.871,0.0318,0.019,0.0116,0.135,0.049,-0.265,NA,NA,NA,0.0787,0.6,NA,1.607,13.97,8.81,38564368000,1.1067e+10,184992006000
"PARA","Paramount Global Class B","TECHNOLOGY","TELEVISION BROADCASTING STATIONS",NA,0.633,0.48,0.284,23.71,0.725,-0.212,0.0267,0.0317,-0.309,0.045,79.88,NA,NA,NA,0.0172,0.2,NA,1.624,14.34,9.45,8292710000,2.917e+09,2.9213e+10
"LYB","LyondellBasell Industries NV","LIFE SCIENCES","INDUSTRIAL ORGANIC CHEMICALS",17.91,1.356,1.925,0.595,9.3,0.832,0.0338,0.0295,0.0472,0.106,-0.044,-0.236,NA,NA,NA,0.0738,5.27,NA,1.071,100.69,70.96,23983522000,4.129e+09,40301998000
"KHC","Kraft Heinz Co","MANUFACTURING","CANNED, FROZEN & PRESERVD FRUIT, VEG & FOOD SPECIALTIES",13.38,0.931,0.734,1.398,20.11,2.113,0.106,0.214,0.0386,0.0555,-0.041,1.896,NA,NA,NA,0.0529,1.6,NA,0.379,37.12,26.9,36124545000,6.467e+09,2.5846e+10
"SWKS","Skyworks Solutions Inc","MANUFACTURING","SEMICONDUCTORS & RELATED DEVICES",21.35,2.328,1.687,2.758,9.7,2.535,0.13,0.171,0.0525,0.0834,-0.111,-0.306,NA,NA,NA,0.0417,2.76,NA,1.178,117.89,61.36,11155425000,964500000,4.045e+09
"SJM","JM Smucker Company","MANUFACTURING","CANNED, FRUITS, VEG, PRESERVES, JAMS & JELLIES",NA,2.319,1.719,1.351,23,2.249,-0.0292,0.214,0.0552,-0.0355,-0.019,-0.026,NA,NA,NA,0.0387,4.3,NA,0.27,124.13,98.77,11871880000,2.212e+09,8.788e+09
"SO","Southern Company","ENERGY & TRANSPORTATION","ELECTRIC SERVICES",22.65,3.021,2.96,3.709,12.35,6.12,0.165,0.185,0.0337,0.118,0.049,-0.385,NA,NA,NA,0.0321,2.86,NA,0.446,93.48,65.27,99128779000,1.2944e+10,2.6724e+10
"GEHC","GE HealthCare Technologies Inc.","LIFE SCIENCES","X-RAY APPARATUS & TUBES & RELATED IRRADIATION APPARATUS",18.89,2.137,4.41,1.905,11.93,2.224,0.101,0.167,0.0577,0.257,0.022,0.784,NA,NA,NA,0.0017,0.125,NA,1.315,94.8,74.43,37484716000,3.606e+09,19672001000
"VTRS","Viatris Inc","LIFE SCIENCES","PHARMACEUTICAL PREPARATIONS",NA,0.153,0.582,0.737,8.53,1.632,-0.043,0.128,0.0249,-0.0324,-0.081,-0.706,NA,NA,NA,0.0528,0.48,NA,0.916,13.38,8.66,10862580000,4483200000,14739300000
"TPL","Texas Pacific Land Trust","REAL ESTATE & CONSTRUCTION","OIL ROYALTY TRADERS",67.13,0,26.81,43.02,53.15,42.5,0.643,0.795,0.283,0.417,0.115,0.048,NA,NA,NA,0.0048,5.11,NA,1.718,1765.39,542.82,30364529000,569491000,705823000
"NFLX","Netflix Inc","TRADE & SERVICES","SERVICES-VIDEO TAPE RENTAL",46.25,1.662,15.87,10.07,15.15,10.22,0.223,0.222,0.127,0.384,0.16,1.018,NA,NA,NA,NA,NA,NA,1.377,1064.5,542.01,392680931000,10746528000,39000965000
"OKE","ONEOK Inc","ENERGY & TRANSPORTATION","NATURAL GAS TRANSMISISON & DISTRIBUTION",18.65,1.658,3.534,2.775,13.84,4.219,0.14,0.232,0.0584,0.161,0.337,0.336,NA,NA,NA,0.0427,4,NA,1.67,116.82,72.92,60205105000,6.196e+09,21698001000
"DOW","Dow Inc","LIFE SCIENCES","PLASTIC MATERIALS, SYNTH RESINS & NONVULCAN ELASTOMERS",23.55,0.396,1.473,0.607,7.73,0.955,0.026,0.0442,0.0243,0.065,-0.02,-0.286,NA,NA,NA,0.0757,2.8,NA,1.159,57.18,35.48,26092095000,5.071e+09,42964001000
"DG","Dollar General Corporation","TRADE & SERVICES","RETAIL-VARIETY STORES",15.46,2.331,2.372,0.428,12.7,0.84,0.0277,0.0286,0.0346,0.159,0.045,-0.522,NA,NA,NA,0.0295,2.36,NA,0.44,160.38,66.43,17378552000,2685777000,40612307000
"MOS","The Mosaic Company","LIFE SCIENCES","AGRICULTURAL CHEMICALS",47.09,3.139,0.715,0.738,7.88,1.113,0.0157,0.0355,0.0169,0.0168,-0.106,-0.522,NA,NA,NA,0.0351,0.85,NA,1.352,32.38,22.28,8208720000,1758200000,11122800000
"DAL","Delta Air Lines Inc","ENERGY & TRANSPORTATION","AIR TRANSPORTATION, SCHEDULED",8.77,39.29,1.975,0.49,6.3,0.809,0.0561,0.121,0.0505,0.262,0.094,-0.593,NA,NA,NA,0.0137,0.55,NA,1.343,69.81,37.09,30198723000,8.205e+09,61643002000
"PM","Philip Morris International Inc","MANUFACTURING","CIGARETTES",25.31,2.198,NA,6.23,17.49,7.27,0.186,0.278,0.13,0,0.073,0.493,NA,NA,NA,0.0359,5.3,NA,0.561,159.51,84.79,236152144000,1.5002e+10,37878002000
"MHK","Mohawk Industries Inc","MANUFACTURING","CARPETS & RUGS",14.04,0.932,0.947,0.66,6.84,0.841,0.0478,0.0627,0.0383,0.0682,0.01,-0.326,NA,NA,NA,NA,NA,NA,1.445,164.29,104.88,7153717000,1445200000,10836900000
"WDC","Western Digital Corporation","TECHNOLOGY","COMPUTER STORAGE DEVICES",12.87,490.33,1.278,0.993,8.04,1.333,0.0808,0.154,0.0618,0.108,-0.41,-0.959,NA,NA,NA,NA,NA,NA,1.457,61.64,39.42,15488602000,2.996e+09,1.5601e+10
"DGX","Quest Diagnostics Incorporated","LIFE SCIENCES","SERVICES-MEDICAL LABORATORIES",22.1,1.378,2.764,1.913,13.34,2.56,0.0882,0.14,0.0584,0.138,0.146,0.202,NA,NA,NA,0.019,3,NA,0.919,178.87,123.53,18884016000,1.903e+09,9.872e+09
"LEN","Lennar Corporation","REAL ESTATE & CONSTRUCTION","GENERAL BLDG CONTRACTORS - RESIDENTIAL BLDGS",8.25,1.119,1.12,0.876,6.09,0.854,0.111,0.164,0.0791,0.145,-0.093,-0.157,NA,NA,NA,0.0172,2,NA,1.71,186.4,115.61,31030895000,5210138000,35441451000
"MCHP","Microchip Technology Inc","MANUFACTURING","SEMICONDUCTORS & RELATED DEVICES",93.86,5.7,4.771,6.05,24.54,7.35,0.0649,0.0335,0.0252,0.0471,-0.419,-0.884,NA,NA,NA,0.034,1.811,NA,1.517,98.59,49.84,28773317000,1422100000,4756900000
"VST","Vistra Energy Corp","ENERGY & TRANSPORTATION","ELECTRIC SERVICES",17.81,0.731,13.64,2.449,8.75,3.532,0.154,0.142,0.0721,0.516,0.312,3.2,NA,NA,NA,0.0072,0.874,NA,1.232,199.84,60.25,42187461000,6.766e+09,17223999000
"EOG","EOG Resources Inc","ENERGY & TRANSPORTATION","CRUDE PETROLEUM & NATURAL GAS",11.02,66.45,2.285,2.924,5.22,2.783,0.273,0.285,0.111,0.223,-0.064,-0.348,NA,NA,NA,0.0322,3.705,NA,1.26,137.86,114.14,68642513000,1.2565e+10,2.3478e+10
"STE","STERIS plc","LIFE SCIENCES","ORTHOPEDIC, PROSTHETIC & SURGICAL APPLIANCES & SUPPLIES",36.38,5.08,3.406,4.125,17.37,4.45,0.0866,0.183,0.0559,0.0961,0.056,0.238,NA,NA,NA,0.0102,2.18,NA,0.92,247.59,196.38,22266579000,1421453000,5398371000
"SW","Smurfit WestRock plc","MANUFACTURING","PAPERBOARD CONTAINERS & BOXES",73.97,NA,1.542,1.686,20.33,2.421,0.0135,0.043,0.05,0.103,1.632,-0.505,NA,NA,NA,0.0434,1.982,NA,1.034,56.54,37.74,27703507000,2.173e+09,1.6432e+10
"DUK","Duke Energy Corporation","ENERGY & TRANSPORTATION","ELECTRIC & OTHER SERVICES COMBINED",21.07,3.021,1.899,3.116,11.95,5.9,0.151,0.287,0.0273,0.0908,0.027,0.196,NA,NA,NA,0.0354,4.14,NA,0.465,120.4,89.3,93268500000,1.4355e+10,2.9934e+10
"LIN","Linde plc Ordinary Shares","LIFE SCIENCES","INDUSTRIAL INORGANIC CHEMICALS",33.49,2.463,5.66,6.53,18.17,7.06,0.199,0.279,0.069,0.167,-0.002,0.139,NA,NA,NA,0.0132,5.56,NA,0.951,484.4,408.47,215411409000,1.2669e+10,33005001000
"PRU","Prudential Financial Inc","FINANCE","LIFE INSURANCE",14.47,0.644,1.378,0.545,NA,0.82,0.0387,-0.0118,0.0028,0.0949,-0.17,1.377,NA,NA,NA,0.0514,5.2,NA,1.259,128.97,100.99,38405460000,3.593e+09,70404997000
"ROP","Roper Technologies, Inc.","LIFE SCIENCES","INDUSTRIAL INSTRUMENTS FOR MEASUREMENT, DISPLAY, AND CONTROL",39.67,2.93,3.24,8.68,22.58,9.75,0.22,0.28,0.042,0.0853,0.163,0.185,NA,NA,NA,0.0058,3.075,NA,1.056,595.17,499.47,61133206000,2809600000,7039200000
"UPS","United Parcel Service Inc","ENERGY & TRANSPORTATION","TRUCKING & COURIER SERVICES (NO AIR)",17.3,1.453,5.97,1.095,9.99,1.307,0.0635,0.0814,0.0711,0.34,0.015,0.07,NA,NA,NA,0.0562,6.52,NA,0.929,151.17,107.86,99733127000,1.162e+10,91069997000
"VRSN","VeriSign Inc","TECHNOLOGY","SERVICES-COMPUTER PROGRAMMING SERVICES",29.76,2.137,NA,14.48,20.94,15.25,0.504,0.667,0.419,0,0.039,-0.23,NA,NA,NA,NA,NA,NA,0.872,242.23,167.05,22547911000,1095100000,1557400000
"MCO","Moodys Corporation","TRADE & SERVICES","SERVICES-CONSUMER CREDIT REPORTING, COLLECTION AGENCIES",39.68,2.272,22.55,11.34,24.55,12.01,0.29,0.37,0.124,0.572,0.13,0.171,NA,NA,NA,0.0084,3.4,NA,1.335,530.93,357.34,80381600000,3.412e+09,7.088e+09
"TXN","Texas Instruments Incorporated","MANUFACTURING","SEMICONDUCTORS & RELATED DEVICES",33.86,1.68,9.35,10.26,21.74,10.48,0.307,0.349,0.0985,0.284,-0.017,-0.121,NA,NA,NA,0.0313,5.26,NA,0.965,218.77,154.78,160527729000,6.858e+09,1.5641e+10
"DELL","Dell Technologies Inc","TECHNOLOGY","ELECTRONIC COMPUTERS",15,0.734,4.39,0.699,14.06,0.917,0.048,0.0902,0.0482,0.443,0.072,0.356,NA,NA,NA,0.022,1.78,NA,0.899,177.73,86.28,66749440000,6.904e+09,95567004000
"KIM","Kimco Realty Corporation","REAL ESTATE & CONSTRUCTION","REAL ESTATE INVESTMENT TRUSTS",37.42,3.187,1.313,6.86,17.32,10.74,0.202,0.317,0.0213,0.0408,0.163,0.06,NA,NA,NA,0.0497,0.97,NA,1.52,25.28,16.81,13983739000,1236016000,2037014000
"MTCH","Match Group Inc","TRADE & SERVICES","RETAIL-RETAIL STORES, NEC",15.32,0.396,10.97,2.227,11.17,3.054,0.158,0.295,0.119,0.499,-0.007,-0.267,NA,NA,NA,0.0246,0.19,NA,1.435,38.61,27.49,7748273000,984986000,3479373000
"PNW","Pinnacle West Capital Corp","ENERGY & TRANSPORTATION","ELECTRIC SERVICES",17.88,3.285,1.652,2.178,10.73,4.333,0.119,0.0884,0.0261,0.0953,0.105,-0.037,NA,NA,NA,0.039,3.535,NA,0.533,94.57,67.74,11160767000,2017117000,5124915000
"TROW","T. Rowe Price Group Inc","FINANCE","SECURITY & COMMODITY BROKERS, DEALERS, EXCHANGES & SERVICES",10.17,2.064,2.002,2.92,6.15,2.586,0.296,0.329,0.114,0.197,0.111,0.01,NA,NA,NA,0.0552,4.96,NA,1.482,122.8,90.33,20713867000,2824100000,7093600000
"NEM","Newmont Goldcorp Corp","ENERGY & TRANSPORTATION","GOLD AND SILVER ORES",16.17,0.787,1.741,2.789,7.63,3.075,0.179,0.409,0.0661,0.112,0.428,3.039,NA,NA,NA,0.0216,1,NA,0.556,58.03,32.54,52106011000,8.858e+09,18681999000
"KEYS","Keysight Technologies Inc","LIFE SCIENCES","INDUSTRIAL INSTRUMENTS FOR MEASUREMENT, DISPLAY, AND CONTROL",43.44,1.045,5.07,5.24,22.1,5.23,0.122,0.176,0.0575,0.122,0.031,-0.01,NA,NA,NA,NA,NA,NA,1.099,186.2,119.72,26272457000,1.116e+09,5.018e+09
"MTB","M&T Bank Corporation","FINANCE","STATE COMMERCIAL BANKS",11.99,1.367,1.083,3.328,NA,4.858,0.298,0.421,0.0124,0.0925,0.082,0.41,NA,NA,NA,0.0308,5.35,NA,0.728,222.74,129.09,28847679000,NA,8.669e+09
"EXR","Extra Space Storage Inc","REAL ESTATE & CONSTRUCTION","REAL ESTATE INVESTMENT TRUSTS",35.98,3.672,2.196,9.62,18.83,13.36,0.256,0.429,0.0329,0.0595,0.033,0.143,NA,NA,NA,0.0448,6.48,NA,0.918,180.93,125.76,32093827000,2259747000,3337904000
"GILD","Gilead Sciences Inc","LIFE SCIENCES","BIOLOGICAL PRODUCTS, (NO DISGNOSTIC SUBSTANCES)",285.74,0.233,7.18,4.827,34.71,5.35,0.0167,0.331,0.11,0.0229,0.064,0.248,NA,NA,NA,0.0279,3.08,NA,0.236,119.12,59.82,138781802000,1.3454e+10,2.8754e+10
"FSLR","First Solar Inc","MANUFACTURING","SEMICONDUCTORS & RELATED DEVICES",11.02,0.257,1.778,3.373,7.02,3.117,0.307,0.302,0.0775,0.176,0.307,0.127,NA,NA,NA,NA,NA,NA,1.517,306.77,124.96,14186785000,1817233000,4206289000
"WFC","Wells Fargo & Company","FINANCE","NATIONAL COMMERCIAL BANKS",13.19,3.132,1.451,2.988,NA,5.33,0.253,0.293,0.0103,0.108,0.005,0.663,NA,NA,NA,0.0234,1.5,NA,1.156,81.3,49.24,232968258000,NA,77962002000
"WYNN","Wynn Resorts Limited","REAL ESTATE & CONSTRUCTION","HOTELS & MOTELS",19.81,1.65,13.94,1.286,9.5,2.654,0.0703,0.191,0.0535,-5.61,-0.001,-0.629,NA,NA,NA,0.012,1,NA,1.765,109.14,71.01,9169638000,1800322000,7127961000
"TDY","Teledyne Technologies Incorporated","MANUFACTURING","SEARCH, DETECTION, NAVAGATION, GUIDANCE, AERONAUTICAL SYS",28.54,0.98,2.359,4.059,18.78,4.326,0.144,0.19,0.0458,0.0874,0.054,-0.377,NA,NA,NA,NA,NA,NA,1.03,522.5,355.41,23016962000,1362300000,5.67e+09
"TSLA","Tesla Inc","MANUFACTURING","MOTOR VEHICLES & PASSENGER CAR BODIES",121.94,3.531,10.62,8.23,51.08,7.69,0.0726,0.0616,0.0419,0.104,0.021,-0.709,NA,NA,NA,NA,NA,NA,2.507,488.54,138.8,804065640000,1.3027e+10,97690001000
"XOM","Exxon Mobil Corp","ENERGY & TRANSPORTATION","PETROLEUM REFINING",14.27,4.672,1.841,1.426,6.88,1.486,0.0989,0.0852,0.0625,0.145,-0.02,-0.099,NA,NA,NA,0.0364,3.84,NA,0.802,124.2,103.67,485549769000,64293999000,340568015000
"PWR","Quanta Services Inc","REAL ESTATE & CONSTRUCTION","ELECTRICAL WORK",43.25,1.688,5.28,1.633,19.65,1.791,0.0382,0.0674,0.0466,0.136,0.133,0.436,NA,NA,NA,0.0016,0.37,NA,1.101,365.88,226.97,38651519000,2045370000,23672795000
"PKG","Packaging Corp of America","MANUFACTURING","PAPERBOARD CONTAINERS & BOXES",22.04,2.24,3.916,2.108,11.79,2.294,0.096,0.148,0.0826,0.192,0.107,0.164,NA,NA,NA,0.026,5,NA,0.792,249.44,165.94,17672876000,1.678e+09,8383300000
"OXY","Occidental Petroleum Corporation","ENERGY & TRANSPORTATION","CRUDE PETROLEUM & NATURAL GAS",20.59,0.83,1.65,1.635,6.02,2.842,0.116,0.122,0.0412,0.0893,-0.057,-0.18,NA,NA,NA,0.0211,0.88,NA,1.539,69.95,44.47,43699859000,1.2964e+10,26724999000
"EPAM","EPAM Systems Inc","TECHNOLOGY","SERVICES-COMPUTER PROGRAMMING SERVICES",23.31,1.631,2.824,2.199,13.58,1.93,0.0961,0.149,0.083,0.128,0.079,0.083,NA,NA,NA,NA,NA,NA,1.608,301.6,169.43,10395163000,692928000,4727940000
"KLAC","KLA-Tencor Corporation","LIFE SCIENCES","OPTICAL INSTRUMENTS & LENSES",29.98,1.254,25.26,8.73,21.02,8.56,0.296,0.404,0.177,0.968,0.237,0.439,NA,NA,NA,0.01,6.05,NA,1.291,890.2,608.03,94748434000,4543886000,10846957000
"LMT","Lockheed Martin Corporation","MANUFACTURING","GUIDED MISSILES & SPACE VEHICLES & PARTS",20.88,1.741,17.33,1.545,14.47,1.795,0.0751,0.0378,0.0831,0.81,-0.013,-0.707,NA,NA,NA,0.0283,12.75,NA,0.427,610.58,416.62,109729898000,8.394e+09,71042998000
"RTX","Raytheon Technologies Corp","MANUFACTURING","AIRCRAFT ENGINES & ENGINE PARTS",36.62,1.342,2.885,2.15,16.83,2.612,0.0591,0.103,0.0326,0.0813,0.085,0.049,NA,NA,NA,0.0195,2.48,NA,0.491,135.36,90.37,173548356000,1.2829e+10,80738001000
"WAB","Westinghouse Air Brake Technologies Corp","MANUFACTURING","RAILROAD EQUIPMENT",29.58,3.92,3.025,2.939,16.33,3.254,0.102,0.135,0.0552,0.103,0.023,0.02,NA,NA,NA,0.0056,0.8,NA,1.307,210.61,139.15,30528829000,2.116e+09,1.0387e+10
"O","Realty Income Corporation","REAL ESTATE & CONSTRUCTION","REAL ESTATE INVESTMENT TRUSTS",57.85,5.07,1.301,9.57,17.76,14.58,0.163,0.44,0.023,0.024,0.245,-0.244,NA,NA,NA,0.0568,3.133,NA,1.012,63.37,48.12,50540044000,4759065000,5278935000
"NDAQ","Nasdaq Inc","FINANCE","SECURITY & COMMODITY BROKERS, DEALERS, EXCHANGES & SERVICES",37.96,1.472,3.709,5.69,20.57,6.84,0.151,0.276,0.04,0.101,0.233,0.7,NA,NA,NA,0.0133,0.94,NA,0.971,83.87,57.31,42135126000,2.617e+09,7.4e+09
"PSX","Phillips 66","ENERGY & TRANSPORTATION","PETROLEUM REFINING",25.4,0.731,1.822,0.361,11.41,0.477,0.0148,0.0058,0.0173,0.0724,-0.12,-0.999,NA,NA,NA,0.0376,4.5,NA,1.292,168.26,107.93,51667567000,4.161e+09,143153005000
"EXPD","Expeditors International of Washington, Inc.","ENERGY & TRANSPORTATION","ARRANGEMENT OF TRANSPORTATION OF FREIGHT & CARGO",20.13,3.04,7.15,1.499,13.89,1.445,0.0764,0.102,0.14,0.352,0.297,0.554,NA,NA,NA,0.0125,1.46,NA,0.995,130.8,108.36,15894385000,1102413000,10600515000
"WAT","Waters Corporation","LIFE SCIENCES","LABORATORY ANALYTICAL INSTRUMENTS",34.03,2.407,11.84,7.57,22.22,7.78,0.216,0.325,0.114,0.428,0.065,0.064,NA,NA,NA,NA,NA,NA,0.998,423.56,279.24,21651708000,1029351000,2958387000
"SWK","Stanley Black & Decker Inc","MANUFACTURING","CUTLERY, HANDTOOLS & GENERAL HARDWARE",42.84,1.368,1.435,0.814,13.88,1.201,0.0192,0.0635,0.0276,0.0322,-0.004,19,NA,NA,NA,0.0405,3.26,NA,1.254,108.8,75.61,12512942000,1545500000,15365700000
"PAYC","Paycom Soft","TECHNOLOGY","SERVICES-PREPACKAGED SOFTWARE",23.32,2.289,7.39,6.18,14.19,6.01,0.267,0.0627,0.0642,0.349,0.136,0.418,NA,NA,NA,0.0074,1.5,NA,1.141,242.31,138.71,11644591000,579600000,1883200000
"PPG","PPG Industries Inc","LIFE SCIENCES","PAINTS, VARNISHES, LACQUERS, ENAMELS & ALLIED PRODS",19.84,0.873,3.725,1.625,11.73,1.913,0.0704,0.121,0.0683,0.184,-0.143,0.117,NA,NA,NA,0.0244,2.66,NA,1.212,142.46,109.15,25754855000,2.736e+09,1.5845e+10
"EA","Electronic Arts Inc","TECHNOLOGY","SERVICES-PREPACKAGED SOFTWARE",35.3,1.805,4.877,4.92,17.99,4.756,0.143,0.201,0.0712,0.14,-0.032,0.037,NA,NA,NA,0.0055,0.76,NA,0.783,168.06,115.04,36150325000,1.896e+09,7.347e+09
"TFX","Teleflex Incorporated","LIFE SCIENCES","SURGICAL & MEDICAL INSTRUMENTS & APPARATUS",92.42,0.929,1.492,2.095,18.1,2.576,0.0229,0.192,0.037,0.0161,0.028,-0.185,NA,NA,NA,0.0099,1.36,NA,1.208,248.84,128.23,6385131000,707032000,3047324000
"NOC","Northrop Grumman Corporation","MANUFACTURING","SEARCH, DETECTION, NAVAGATION, GUIDANCE, AERONAUTICAL SYS",17.1,3.03,4.591,1.711,11.75,2.006,0.102,0.158,0.0713,0.278,0.005,0.133,NA,NA,NA,0.0168,8.05,NA,0.302,550.76,413.34,70196527000,6.839e+09,41032999000
"VRSK","Verisk Analytics Inc","TECHNOLOGY","SERVICES-COMPUTER PROCESSING & DATA PREPARATION",43.33,3.833,404.25,14.05,26.17,15.07,0.333,0.43,0.183,0.445,0.086,0.239,NA,NA,NA,0.0062,1.56,NA,0.899,305.62,216.07,40480846000,1374200000,2881700000
"WDAY","Workday Inc","TECHNOLOGY","SERVICES-COMPUTER PROCESSING & DATA PREPARATION",125.22,1.035,7.19,7.69,55.93,7.14,0.0623,0.0719,0.0181,0.0615,0.15,-0.922,NA,NA,NA,NA,NA,NA,1.377,294,199.81,64949219000,8.25e+08,8.446e+09
"KR","Kroger Company","TRADE & SERVICES","RETAIL-GROCERY STORES",17.74,1.405,5.17,0.291,8.2,0.426,0.0181,0.0199,0.0548,0.269,-0.006,-0.882,NA,NA,NA,0.0197,1.25,NA,0.502,68.51,48.24,42835800000,7.764e+09,147122995000
"GEN","Gen Digital Inc.","TECHNOLOGY","SERVICES-PREPACKAGED SOFTWARE",26.5,0.658,7.54,4.27,11.96,6.12,0.164,0.424,0.0794,0.281,0.04,0.173,NA,NA,NA,0.019,0.5,NA,0.919,31.58,19.21,16658616000,2.209e+09,3.901e+09
"NXPI","NXP Semiconductors NV","MANUFACTURING","SEMICONDUCTORS & RELATED DEVICES",21.19,1.01,5.55,4.145,13.3,4.662,0.199,0.248,0.0904,0.275,-0.091,-0.279,NA,NA,NA,0.0202,4.056,NA,1.476,293.44,198.21,52286300000,4.421e+09,1.2614e+10
"TT","Trane Technologies plc","LIFE SCIENCES","AUTO CONTROLS FOR REGULATING RESIDENTIAL & COMML ENVIRONMENTS",30.64,2.727,10.46,3.932,21.04,4.093,0.129,0.162,0.11,0.36,0.102,0.21,NA,NA,NA,0.0111,3.36,NA,1.298,419.99,283.51,78008410000,3804700000,19838200000
"PLTR","Palantir Technologies Inc. Class A Common Stock","TECHNOLOGY","SERVICES-PREPACKAGED SOFTWARE",453.89,2.857,37.32,70.59,531.44,63.43,0.161,0.0133,0.0357,0.108,0.36,-0.219,NA,NA,NA,NA,NA,NA,2.806,125.41,20.33,202263822000,341990000,2865507000
"SYF","Synchrony Financial","FINANCE","FINANCE SERVICES",6.24,1.607,1.35,2.208,NA,2.321,0.373,0.52,0.0295,0.23,0.208,0.82,NA,NA,NA,0.0187,1,NA,1.67,70.67,38.91,20735926000,NA,9.392e+09
"FRT","Federal Realty Investment Trust","REAL ESTATE & CONSTRUCTION","REAL ESTATE INVESTMENT TRUSTS",28.12,4.019,2.736,6.88,15.61,10.68,0.245,0.348,0.0311,0.0915,0.07,-0.015,NA,NA,NA,0.0465,4.38,NA,1.293,116.93,93.11,8297550000,750755000,1205612000
"LRCX","Lam Research Corp","TECHNOLOGY","SPECIAL INDUSTRY MACHINERY, NEC",23.92,1.295,11.47,6.23,18.43,6.19,0.265,0.305,0.156,0.504,0.164,0.278,NA,NA,NA,0.0122,0.86,NA,1.541,111.97,68.45,101011210000,5185483000,16209089000
"PFE","Pfizer Inc","LIFE SCIENCES","PHARMACEUTICAL PREPARATIONS",18.24,0.606,1.654,2.293,10.43,2.971,0.126,0.159,0.0464,0.0906,0.219,-0.982,NA,NA,NA,0.0669,1.68,NA,0.543,30.55,23.71,145869701000,23321999000,63627002000
"PANW","Palo Alto Networks Inc","TECHNOLOGY","COMPUTER PERIPHERAL EQUIPMENT, NEC",103.6,2.535,18.94,14.09,74.55,13.81,0.146,0.111,0.0357,0.234,0.143,-0.844,NA,NA,NA,NA,NA,NA,1.044,208.39,132.5,120727306000,1365500000,8570500000
"ORCL","Oracle Corporation","TECHNOLOGY","SERVICES-PREPACKAGED SOFTWARE",34.96,1.576,25.02,7.5,21.33,8.91,0.218,0.313,0.0735,1.037,0.064,0.2,NA,NA,NA,0.0135,1.7,NA,1.066,197.8,111.92,418587410000,2.2916e+10,55782998000
"MSI","Motorola Solutions Inc","MANUFACTURING","RADIO & TV BROADCASTING & COMMUNICATIONS EQUIPMENT",45.28,1.695,40.59,6.45,28.27,6.8,0.146,0.272,0.127,1.287,0.057,0.025,NA,NA,NA,0.0105,4.03,NA,1.043,505.31,329.73,69772984000,3.168e+09,1.0817e+10
"MCD","McDonald’s Corporation","TRADE & SERVICES","RETAIL-EATING PLACES",26.32,2.633,NA,8.26,18.89,10.16,0.317,0.451,0.133,0,-0.003,0,NA,NA,NA,0.0238,6.78,NA,0.706,326.32,239.28,214216835000,1.3949e+10,2.592e+10
"DXCM","DexCom Inc","LIFE SCIENCES","SURGICAL & MEDICAL INSTRUMENTS & APPARATUS",49.78,1.134,13.14,6.85,29.22,6.85,0.143,0.17,0.0588,0.276,0.076,-0.391,NA,NA,NA,NA,NA,NA,1.288,142,62.34,27623674000,817700000,4.033e+09
"LKQ","LKQ Corporation","TRADE & SERVICES","WHOLESALE-MOTOR VEHICLES & MOTOR VEHICLE PARTS & SUPPLIES",15.84,0.995,1.794,0.752,9.95,1.127,0.0481,0.0909,0.0561,0.114,-0.041,-0.089,NA,NA,NA,0.0291,1.2,NA,1.272,52.13,34.78,10796398000,1.753e+09,1.4355e+10
"URI","United Rentals Inc","TRADE & SERVICES","SERVICES-EQUIPMENT RENTAL & LEASING, NEC",16.1,1.24,4.718,2.651,7.88,3.585,0.168,0.269,0.0961,0.307,0.098,0.045,NA,NA,NA,0.0121,6.52,NA,1.767,893.17,585.27,40681099000,4.568e+09,1.5345e+10
"FMC","FMC Corporation","LIFE SCIENCES","CHEMICALS & ALLIED PRODUCTS",12.99,1.846,1.16,1.226,12.56,1.966,0.0803,0.167,0.0337,0.0902,0.068,8.83,NA,NA,NA,0.0556,2.32,NA,0.945,67.13,33.8,5207247000,811400000,4246100000
"PLD","Prologis Inc","REAL ESTATE & CONSTRUCTION","REAL ESTATE INVESTMENT TRUSTS",27.9,0.548,1.925,12.12,17.78,16.33,0.436,0.439,0.0229,0.0678,0.16,1.024,NA,NA,NA,0.0366,3.84,NA,1.112,130.45,98.65,103706370000,6032183000,8555233000
"CRM","Salesforce.com Inc","TECHNOLOGY","SERVICES-PREPACKAGED SOFTWARE",43.93,1.545,4.389,7.09,23.86,7.02,0.164,0.212,0.0473,0.103,0.076,0.195,NA,NA,NA,0.0059,1.6,NA,1.354,368.58,211.1,268503400000,1.1143e+10,3.7895e+10
"RSG","Republic Services Inc","ENERGY & TRANSPORTATION","REFUSE SYSTEMS",35.75,3.627,6.35,4.519,17.95,5.32,0.127,0.203,0.0633,0.186,0.056,0.168,NA,NA,NA,0.0101,2.23,NA,0.738,240.95,179.37,72453243000,4.935e+09,1.6032e+10
"ZTS","Zoetis Inc","LIFE SCIENCES","PHARMACEUTICAL PREPARATIONS",29.48,2.829,15.03,7.8,19.83,8.26,0.269,0.331,0.149,0.511,0.047,0.132,NA,NA,NA,0.0125,1.728,NA,0.941,199.25,143.68,72210932000,3.829e+09,9255999000
"FICO","Fair Isaac Corporation","TRADE & SERVICES","SERVICES-BUSINESS SERVICES, NEC",82.6,1.726,82.33,24.78,58.71,25.25,0.307,0.408,0.289,0.356,0.152,0.279,NA,NA,NA,NA,NA,NA,1.411,2402.52,1105.65,43994595000,776336000,1775435000
"EVRG","Evergy, Inc.","ENERGY & TRANSPORTATION","ELECTRIC & OTHER SERVICES COMBINED",17.8,1.824,1.558,2.653,11.19,5.06,0.149,0.174,0.0287,0.0901,0.059,0.358,NA,NA,NA,0.0401,2.595,NA,0.602,69.22,47.45,15514106000,2621900000,5847300000
"HAL","Halliburton Company","ENERGY & TRANSPORTATION","OIL & GAS FIELD SERVICES, NEC",8.86,1.677,2.071,0.949,5.83,1.209,0.109,0.166,0.0976,0.252,-0.022,-0.041,NA,NA,NA,0.0279,0.68,NA,1.861,40.61,23.42,21763068000,5.005e+09,2.2944e+10
"NWS","News Corp B","MANUFACTURING","NEWSPAPERS: PUBLISHING OR PUBLISHING & PRINTING",41.31,1.426,2.156,1.568,10.58,1.68,0.0404,0.165,0.0343,0.0619,0.048,0.383,NA,NA,NA,0.0066,0.2,NA,1.355,35.14,23.82,16080354000,1.35e+09,1.0253e+10
"ROK","Rockwell Automation Inc","LIFE SCIENCES","MEASURING & CONTROLLING DEVICES, NEC",32.36,3.421,8.69,3.635,21.54,4.075,0.114,0.131,0.0711,0.248,-0.083,-0.134,NA,NA,NA,0.0205,5.06,NA,1.382,307.32,239.46,29420464000,1574700000,8093200000
"FTNT","Fortinet Inc","TECHNOLOGY","COMPUTER PERIPHERAL EQUIPMENT, NEC",42.59,2.775,49.55,12.43,32.23,11.91,0.293,0.345,0.132,0.339,0.173,0.671,NA,NA,NA,NA,NA,NA,0.968,114.82,54.57,74013745000,1921600000,5955800000
"ETR","Entergy Corporation","ENERGY & TRANSPORTATION","ELECTRIC SERVICES",34.69,8.91,2.425,3.079,12.84,5.44,0.0889,0.241,0.0284,0.0695,0.006,-0.716,NA,NA,NA,0.0282,2.31,NA,0.668,88.38,48.43,36580798000,5048772000,11879653000
"NUE","Nucor Corp","MANUFACTURING","STEEL WORKS, BLAST FURNACES & ROLLING MILLS (COKE OVENS)",15.63,0.75,1.5,0.991,7.41,1.082,0.066,0.0547,0.0538,0.106,-0.082,-0.615,NA,NA,NA,0.0167,2.17,NA,1.596,200.61,112.25,30451499000,4.335e+09,3.0734e+10
"SPGI","S&P Global Inc","TRADE & SERVICES","SERVICES-CONSUMER CREDIT REPORTING, COLLECTION AGENCIES",39.36,1.974,4.516,10.54,23.6,11.26,0.271,0.39,0.0599,0.11,0.14,0.558,NA,NA,NA,0.0079,3.64,NA,1.2,544.41,404.65,149741617000,6.967e+09,1.4208e+10
"VRTX","Vertex Pharmaceuticals Inc","LIFE SCIENCES","PHARMACEUTICAL PREPARATIONS",NA,1.431,7.9,11.76,257.56,11.37,-0.0486,0.45,0.127,-0.0315,0.157,-0.056,NA,NA,NA,NA,NA,NA,0.415,519.88,377.85,129619886000,4774600000,11020100000
"WM","Waste Management Inc","ENERGY & TRANSPORTATION","REFUSE SYSTEMS",33.02,2.779,10.96,4.098,18.01,5.16,0.124,0.187,0.0696,0.362,0.13,0.214,NA,NA,NA,0.0147,3,NA,0.762,234.94,194.5,90419585000,6.576e+09,2.2063e+10
"SOLV","Solventum Corp.","LIFE SCIENCES","SURGICAL & MEDICAL INSTRUMENTS & APPARATUS",26.87,NA,4.336,1.554,13.15,2.432,0.058,0.0954,0.0481,0.0655,0.019,-0.886,NA,NA,NA,NA,NA,NA,NA,96.05,47.16,12828939000,1.647e+09,8.254e+09
"DTE","DTE Energy Company","ENERGY & TRANSPORTATION","ELECTRIC SERVICES",19.95,3.312,2.399,2.253,12.65,4.117,0.113,0.17,0.0283,0.123,0.012,-0.302,NA,NA,NA,0.0322,4.15,NA,0.601,136.28,100.39,28068884000,3.32e+09,1.2457e+10
"FOXA","Fox Corp Class A","TECHNOLOGY","TELEVISION BROADCASTING STATIONS",11.22,7.31,2.013,1.502,7.04,1.78,0.144,0.121,0.0812,0.201,0.199,2.574,NA,NA,NA,0.0106,0.53,NA,0.679,58.46,29.01,22805111000,3.381e+09,1.5181e+10
"ENPH","Enphase Energy Inc","MANUFACTURING","SEMICONDUCTORS & RELATED DEVICES",77.51,0.419,9.24,5.79,35.1,5.55,0.0772,0.168,0.0171,0.113,0.265,2.48,NA,NA,NA,NA,NA,NA,2.12,141.63,51.63,7700539000,163055000,1330383000
"UNH","UnitedHealth Group Incorporated","FINANCE","HOSPITAL & MEDICAL SERVICE PLANS",31.53,1.354,4.824,1.117,17.62,1.236,0.036,0.0771,0.0706,0.151,0.068,0.026,NA,NA,NA,0.0174,8.18,NA,0.634,625.65,429.51,446974001000,3.4986e+10,400277996000
"PYPL","PayPal Holdings Inc","TRADE & SERVICES","SERVICES-BUSINESS SERVICES, NEC",17.28,0.863,3.242,2.145,9.68,2.052,0.13,0.174,0.043,0.2,0.042,-0.152,NA,NA,NA,NA,NA,NA,1.527,93.66,56.97,68208230000,6.166e+09,3.1797e+10
"DLTR","Dollar Tree Inc","TRADE & SERVICES","RETAIL-VARIETY STORES",NA,1.116,1.818,0.445,821.28,0.76,-0.0334,0.0441,0.0452,-0.126,0.035,0.115,NA,NA,NA,NA,NA,NA,0.909,137.14,60.49,13882918000,2676700000,31219700000
"SPG","Simon Property Group Inc","REAL ESTATE & CONSTRUCTION","REAL ESTATE INVESTMENT TRUSTS",22.24,4.671,18.13,10.19,15.15,12.75,0.398,0.528,0.058,0.749,0.036,-0.111,NA,NA,NA,0.0521,8.1,NA,1.802,187.8,132.53,60782301000,4423503000,5963798000
"RJF","Raymond James Financial Inc.","FINANCE","SECURITY BROKERS, DEALERS & FLOTATION COMPANIES",13.91,1.736,2.463,2.204,NA,2.46,0.164,0.201,0.0267,0.191,0.146,0.233,NA,NA,NA,0.014,1.85,NA,1.053,174.32,103.52,29177135000,NA,1.3239e+10
"ON","ON Semiconductor Corporation","MANUFACTURING","SEMICONDUCTORS & RELATED DEVICES",11.9,1.572,2.069,2.57,7.31,2.623,0.222,0.26,0.0874,0.19,-0.146,-0.313,NA,NA,NA,NA,NA,NA,1.588,80.08,41.59,18201172000,2.552e+09,7082300000
"MAR","Marriott International Inc","REAL ESTATE & CONSTRUCTION","HOTELS & MOTELS",29.15,1.419,47.45,10.13,18.87,3.262,0.359,0.484,0.0934,0.145,0.029,-0.433,NA,NA,NA,0.0104,2.41,NA,1.586,306.83,203.06,67024212000,4.258e+09,6.618e+09
"NSC","Norfolk Southern Corporation","ENERGY & TRANSPORTATION","RAILROADS, LINE-HAUL OPERATING",20.08,1.873,3.677,4.339,12.47,5.65,0.216,0.377,0.0688,0.194,-0.016,0.391,NA,NA,NA,0.0237,5.4,NA,1.348,276.11,203.37,52600619000,6.052e+09,1.2123e+10
"LLY","Eli Lilly and Company","LIFE SCIENCES","PHARMACEUTICAL PREPARATIONS",69.47,1.193,51.48,16.22,49.97,16.89,0.235,0.428,0.153,0.843,0.447,1.018,NA,NA,NA,0.0074,5.2,NA,0.335,969.25,710.18,730643300000,19268301000,45042700000
"TER","Teradyne Inc","LIFE SCIENCES","INSTRUMENTS FOR MEAS & TESTING OF ELECTRICITY & ELEC SIGNALS",26.13,1.482,4.975,4.974,18.44,4.788,0.192,0.205,0.0952,0.203,0.123,0.249,NA,NA,NA,0.0055,0.48,NA,1.458,162.7,82.98,14027507000,667714000,2819880000
"FFIV","F5 Networks Inc","TECHNOLOGY","COMPUTER COMMUNICATIONS EQUIPMENT",26.09,1.347,4.678,5.24,17.58,4.935,0.206,0.282,0.079,0.195,0.107,0.216,NA,NA,NA,NA,NA,NA,1.103,313,159,15131422000,811052000,2890012000
"TRGP","Targa Resources Inc","ENERGY & TRANSPORTATION","NATURAL GAS TRANSMISSION",33.15,0.999,16.01,2.534,13.47,3.395,0.0801,0.159,0.0776,0.344,0.039,0.168,NA,NA,NA,0.0164,3,NA,2.317,217.71,103.92,41505763000,4.129e+09,16381500000
"MA","Mastercard Inc","TRADE & SERVICES","SERVICES-BUSINESS SERVICES, NEC",38.01,2.116,74.18,17.08,29.2,17.41,0.457,0.563,0.227,1.906,0.144,0.223,NA,NA,NA,0.0058,2.74,NA,1.102,582.23,427.65,481053639000,17348999000,2.8167e+10
"TSCO","Tractor Supply Company","TRADE & SERVICES","RETAIL-BUILDING MATERIALS, HARDWARE, GARDEN SUPPLY",25.41,2.304,12.13,1.851,17.09,2.199,0.074,0.0844,0.0966,0.498,0.031,-0.039,NA,NA,NA,0.0178,0.88,NA,0.842,61.04,47.54,27550134000,1914694000,14883231000
"PHM","PulteGroup Inc","REAL ESTATE & CONSTRUCTION","OPERATIVE BUILDERS",7.01,0.277,1.712,1.156,5.07,1.157,0.172,0.235,0.146,0.274,0.146,0.348,NA,NA,NA,0.0085,0.82,NA,1.725,149.19,100.54,20751159000,3989088000,17946950000
"PNR","Pentair PLC","TECHNOLOGY","SPECIAL INDUSTRY MACHINERY (NO METALWORKING MACHINERY)",23.02,1.51,3.982,3.475,17.17,3.879,0.153,0.21,0.0863,0.184,-0.012,-0.207,NA,NA,NA,0.0116,0.92,NA,1.222,110.44,72.08,14187447000,1012700000,4082800000
"PNC","PNC Financial Services Group Inc","FINANCE","NATIONAL COMMERCIAL BANKS",12.59,1.645,1.258,3.297,NA,6.25,0.284,0.352,0.0106,0.113,0.055,1.038,NA,NA,NA,0.0379,6.3,NA,1.127,214.49,139.82,68460798000,NA,20765999000
"MRNA","Moderna Inc","LIFE SCIENCES","BIOLOGICAL PRODUCTS, (NO DISGNOSTIC SUBSTANCES)",NA,0,1.228,4.136,4.641,2.222,-1.1,-1.29,-0.151,-0.288,-0.656,-0.851,NA,NA,NA,NA,NA,NA,1.862,170.47,29.25,13384888000,-3.756e+09,3.236e+09
"XYL","Xylem Inc","TECHNOLOGY","PUMPS & PUMPING EQUIPMENT",33.63,2.301,2.763,3.485,17.96,3.552,0.104,0.152,0.043,0.0845,0.065,0.211,NA,NA,NA,0.013,1.44,NA,1.081,144.46,112.91,29836327000,1.683e+09,8.562e+09
"L","Loews Corp","FINANCE","FIRE, MARINE & CASUALTY INSURANCE",13.48,2.69,1.068,1.041,NA,1.545,0.0807,0.0625,0.0175,0.0867,0.068,-0.569,NA,NA,NA,0.0029,0.25,NA,0.795,88.22,72.68,18231249000,2.84e+09,17510001000
"RMD","ResMed Inc","LIFE SCIENCES","SURGICAL & MEDICAL INSTRUMENTS & APPARATUS",26.47,1.458,6.27,6.68,19.49,6.75,0.254,0.325,0.139,0.257,0.103,0.649,NA,NA,NA,0.0095,2.02,NA,0.737,262.46,170.64,32921709000,1712289000,4926773000
"STX","Seagate Technology PLC","TECHNOLOGY","COMPUTER STORAGE DEVICES",15.98,0.222,101.31,2.316,12.47,2.869,0.147,0.21,0.112,0.221,0.495,-0.939,NA,NA,NA,0.0336,2.82,NA,1.036,114.47,80.6,18609046000,1.608e+09,8.035e+09
"D","Dominion Energy Inc","ENERGY & TRANSPORTATION","ELECTRIC SERVICES",24.85,2.048,1.774,3.222,13.27,6.16,0.147,0.347,0.0271,0.0649,-0.038,-0.417,NA,NA,NA,0.0488,2.67,NA,0.584,60.55,44.39,46590095000,7.218e+09,1.4459e+10
"TMO","Thermo Fisher Scientific Inc","LIFE SCIENCES","MEASURING & CONTROLLING DEVICES, NEC",31.54,2.018,3.972,4.593,19.3,5.19,0.148,0.193,0.0489,0.131,0.047,0.138,NA,NA,NA,0.0034,1.56,NA,0.789,626.49,492.52,196949098000,1.0774e+10,42879001000
"IT","Gartner Inc","TRADE & SERVICES","SERVICES-MANAGEMENT SERVICES",28.57,1.99,25.85,5.61,20.98,5.76,0.2,0.189,0.0891,1.229,0.081,0.932,NA,NA,NA,NA,NA,NA,1.291,584.01,411.15,35137413000,1308815000,6267411000
"TSN","Tyson Foods Inc","MANUFACTURING","POULTRY SLAUGHTERING AND PROCESSING",20.23,0.544,1.153,0.398,8.79,0.538,0.0196,0.0504,0.0348,0.0582,0.023,2.367,NA,NA,NA,0.0333,1.97,NA,0.71,65.82,52.36,21328896000,3.403e+09,53612999000
"WBA","Walgreens Boots Alliance Inc","TRADE & SERVICES","RETAIL-DRUG STORES AND PROPRIETARY STORES",NA,3.553,0.977,0.0646,-22.57,0.261,-0.0587,-0.0013,0.0055,-0.808,0.075,1.915,NA,NA,NA,0.089,1,NA,0.598,20.61,7.98,9710973000,2.823e+09,150410002000
"PH","Parker-Hannifin Corporation","MANUFACTURING","MISCELLANEOUS FABRICATED METAL PRODUCTS",25.13,2.453,5.97,3.932,16.35,4.366,0.159,0.206,0.0878,0.259,-0.016,0.386,NA,NA,NA,0.0107,6.37,NA,1.495,716.75,489.03,78273667000,4983439000,19907748000
"ULTA","Ulta Beauty Inc","TRADE & SERVICES","RETAIL-RETAIL STORES, NEC",14.1,2.362,6.66,1.468,9.64,1.576,0.106,0.148,0.167,0.504,-0.019,0.047,NA,NA,NA,NA,NA,NA,1.34,544.36,309.01,16577242000,1832014000,11295654000
"MLM","Martin Marietta Materials Inc","ENERGY & TRANSPORTATION","MINING & QUARRYING OF NONMETALLIC MINERALS (NO FUELS)",14.73,3.584,3.08,4.454,10.26,5.24,0.305,0.277,0.0557,0.228,0.014,0.052,NA,NA,NA,0.0066,3.06,NA,0.887,631.36,448.5,29112084000,2.057e+09,6.536e+09
"ROL","Rollins Inc","TRADE & SERVICES","SERVICES-TO DWELLINGS & OTHER BUILDINGS",53.54,3.917,18.74,7.36,33.27,7.57,0.138,0.182,0.152,0.375,0.104,-0.03,NA,NA,NA,0.0128,0.615,NA,0.777,53.72,41.19,24932907000,771493000,3388708000
"LII","Lennox International Inc","TECHNOLOGY","AIR-COND & WARM AIR HEATG EQUIP & COMM & INDL REFRIG EQUIP",25.51,2.183,24.06,3.83,19,4.029,0.151,0.184,0.206,1.421,0.165,0.362,NA,NA,NA,0.008,4.55,NA,1.141,681.22,443,20455481000,1129100000,5341300000
"SNPS","Synopsys Inc","TECHNOLOGY","SERVICES-PREPACKAGED SOFTWARE",53.76,7.17,7.42,11.36,39.38,10.85,0.347,0.173,0.0665,0.16,-0.037,-0.347,NA,NA,NA,NA,NA,NA,1.155,624.8,425.73,68996088000,1445152000,6071762000
"EIX","Edison International","ENERGY & TRANSPORTATION","ELECTRIC SERVICES",17.22,0.625,1.577,1.247,9.6,3.475,0.073,0.224,0.0289,0.072,0.075,-0.107,NA,NA,NA,0.0581,3.168,NA,0.88,87.71,49.06,21946368000,6.395e+09,17599001000
"SHW","Sherwin-Williams Co","TRADE & SERVICES","RETAIL-BUILDING MATERIALS, HARDWARE, GARDEN SUPPLY",32.37,3.865,21.22,3.721,21.74,4.228,0.116,0.127,0.101,0.691,0.009,0.357,NA,NA,NA,0.0092,2.86,NA,1.231,399.55,280.39,85961089000,4.399e+09,23098499000
"FOX","Fox Corp Class B","TECHNOLOGY","TELEVISION BROADCASTING STATIONS",10.4,6.94,1.911,1.502,7.19,1.818,0.144,0.121,0.0812,0.201,0.199,2.574,NA,NA,NA,0.0111,0.53,NA,0.679,54.72,26.4,22810175000,3.381e+09,1.5181e+10
"NTAP","NetApp Inc","TECHNOLOGY","COMPUTER STORAGE DEVICES",17.03,1.314,19.08,2.917,11.02,2.916,0.175,0.227,0.0952,1.143,0.022,-0.027,NA,NA,NA,0.0226,2.06,NA,1.227,134.84,89.88,18982556000,1.619e+09,6.508e+09
"KMI","Kinder Morgan Inc","ENERGY & TRANSPORTATION","NATURAL GAS TRANSMISSION",23.16,2.42,1.972,3.988,13.62,6.08,0.173,0.287,0.0381,0.0855,-0.013,0.121,NA,NA,NA,0.0433,1.15,NA,0.935,31.15,16.64,60215116000,6.63e+09,1.51e+10
"PFG","Principal Financial Group Inc","FINANCE","ACCIDENT & HEALTH INSURANCE",12.39,1.5,1.684,1.158,NA,1.151,0.0974,0.232,0.0039,0.141,0.766,-0.057,NA,NA,NA,0.0372,2.85,NA,1.169,90.38,70.33,18672767000,2176100000,16127700000
"ZBRA","Zebra Technologies Corporation","TECHNOLOGY","GENERAL INDUSTRIAL MACHINERY & EQUIPMENT",27.4,1.017,3.996,2.878,16.85,3.17,0.106,0.171,0.0626,0.16,0.322,8.82,NA,NA,NA,NA,NA,NA,1.679,427.76,266.75,14333256000,9.37e+08,4.981e+09
"USB","U.S. Bancorp","FINANCE","NATIONAL COMMERCIAL BANKS",11.09,1.007,1.265,2.609,NA,5.04,0.251,0.35,0.0094,0.11,0.032,1.092,NA,NA,NA,0.0476,1.98,NA,1.041,53.42,36.55,65467580000,NA,25097001000
"KKR","KKR & Co LP","FINANCE","INVESTMENT ADVICE",34.65,0.498,4.082,3.958,3.797,1.608,0.116,0.368,0.0145,0.0815,-0.238,0.035,NA,NA,NA,0.0062,0.7,NA,1.714,170.19,91.39,104564621000,NA,26421799000
